image_index,concept,verdict,macro_cluster
0,atheroscleroses,Uncertain,0
0,atrial structure (body structure),Uncertain,0
0,cardiac ventricular morphology contributes to the overall size of the cardiac silhouette.,Uncertain,0
0,cardiomegaly with prominent pulmonary vascular congestion and bilateral perihilar interstitial opacities.,Uncertain,0
0,cervical spines,Uncertain,2
0,"column, vertebral",Uncertain,2
0,dense amorphous calcifications identified along the thoracic wall soft tissue planes.,Uncertain,2
0,discrete radiopaque biliary calculus projected over the right hepatic shadow.,Unaligned,5
0,enlarged cardiac silhouette associated with diffuse bilateral pulmonary venous hypertension and edema.,Uncertain,0
0,focal pulmonary opacity with smooth margins located in the left upper lobe.,Uncertain,0
0,forestiers disease,Uncertain,2
0,gallstone diseases,Uncertain,5
0,globular heart shape suggesting an increase in the pericardial space.,Uncertain,0
0,keeled chest,Uncertain,2
0,large air filled bullae are identified within the apical lung regions.,Uncertain,0
0,layering opacity along the lateral chest wall indicates pleural effusion.,Uncertain,0
0,lucent fracture line extending through the mid shaft of the left humerus.,Unaligned,2
0,mediastinal shift,Uncertain,0
0,miliary lupoid of boeck,Uncertain,1
0,pigeon breast,Uncertain,2
0,pulmonary cicatrix,Uncertain,0
0,solitary circumscribed mass lesion projecting over the right mid lung zone.,Uncertain,0
0,structure of yellow fat,Uncertain,6
0,the left atrial appendage is located along the mid left heart border.,Uncertain,0
0,the pulmonary artery segment maintains a normal contour along the left heart border.,Uncertain,0
0,the pulmonary artery trunk demonstrates normal caliber and smooth lateral mediastinal margins.,Unaligned,0
0,the tracheal bifurcation is clearly visualized with a sharp carinal angle.,Unaligned,0
0,thoracic aorta appears as a well defined tubular structure within the superior mediastinum.,Aligned,0
0,tortuous thoracic aorta with extensive mural calcification along the aortic knob.,Unaligned,0
0,unexpanded lung,Uncertain,0
0,visualized thoracic skeletal deformity with abnormal configuration of the bony thorax.,Uncertain,2
1,atheroscleroses,Unaligned,0
1,atrial structure (body structure),Aligned,0
1,bilateral hilar lymphadenopathy with prominent right paratracheal nodal enlargement is noted.,Unaligned,1
1,calculus in biliary tract,Unaligned,5
1,cardiac ventricular morphology contributes to the overall size of the cardiac silhouette.,Aligned,0
1,cardiomegaly (disorder),Unaligned,0
1,cardiomegaly with prominent pulmonary vascular congestion and bilateral perihilar interstitial opacities.,Aligned,0
1,"column, vertebral",Unaligned,2
1,confluent airspace opacities identified throughout the right middle and lower lobes.,Unaligned,0
1,dense amorphous calcifications identified along the thoracic wall soft tissue planes.,Unaligned,2
1,diffuse bilateral peribronchial thickening with prominent central bronchiectasis throughout both lungs.,Uncertain,0
1,fine reticular opacities present throughout the mid and lower lung zones.,Uncertain,0
1,gallstone diseases,Uncertain,5
1,increased density obscuring the hemidiaphragm consistent with a significant pleural collection.,Unaligned,0
1,increased retrosternal clear space observed due to anterior sternal bowing.,Uncertain,2
1,layering opacity along the lateral chest wall indicates pleural effusion.,Unaligned,0
1,linear scarring and calcified granulomas present in the upper lung zones.,Uncertain,1
1,localized expansile lucency with thin sclerotic margins identified in the clavicular head.,Unaligned,2
1,lower thoracic and upper lumbar vertebrae are identified on the lateral view.,Uncertain,2
1,lucent fat density noted along the inferior cardiac border on lateral view.,Uncertain,6
1,mediastinal shift,Unaligned,0
1,miliary lupoid of boeck,Uncertain,1
1,pericardial effusion,Unaligned,0
1,pigeon breast,Unaligned,2
1,single focal pulmonary nodule noted within the peripheral lung parenchyma.,Unaligned,0
1,solitary circumscribed mass lesion projecting over the right mid lung zone.,Unaligned,0
1,"spine, cervical",Unaligned,2
1,subdiaphragmatic lucency consistent with free air within the peritoneal cavity.,Unaligned,3
1,the pulmonary artery trunk demonstrates normal caliber and smooth lateral mediastinal margins.,Unaligned,0
1,the shoulder region demonstrates normal osseous alignment and intact cortical margins.,Unaligned,2
1,the upper abdomen is partially included at the base of the image.,Uncertain,3
1,visualized proximal humerus demonstrates normal trabecular pattern and smooth cortical bone surfaces.,Uncertain,2
1,visualized thoracic skeletal deformity with abnormal configuration of the bony thorax.,Uncertain,2
2,besnier boeck schaumann syndrome,Uncertain,1
2,cervical spines,Uncertain,2
2,complete disruption of the normal anatomical alignment of the sternoclavicular joint.,Unaligned,1
2,dense calcified plaques identified along the margins of the thoracic aorta.,Unaligned,0
2,dense consolidation obscuring the normal vascular markings in the left lower lung.,Unaligned,0
2,diminished size of the hilar vessels with overall decreased pulmonary vascularity.,Uncertain,0
2,discrete radiopaque biliary calculus projected over the right hepatic shadow.,Unaligned,5
2,focal pulmonary opacity with smooth margins located in the left upper lobe.,Unaligned,0
2,gallstone diseases,Uncertain,5
2,generalized thinning of the cortical margins of the visualized ribs.,Unaligned,2
2,large air filled bullae are identified within the apical lung regions.,Unaligned,0
2,linear lucencies tracking along the subcutaneous soft tissues of the chest wall.,Unaligned,0
2,linear scarring and calcified granulomas present in the upper lung zones.,Uncertain,1
2,localized dome shaped elevation of the hemidiaphragm contour on the frontal view.,Uncertain,3
2,multiple avascular lucent spaces are present throughout the upper pulmonary lobes.,Uncertain,0
2,multiple ring shadows and tubular opacities consistent with widespread cystic bronchiectasis.,Uncertain,0
2,patchy opacification identified throughout the mid to lower zones of the lung.,Uncertain,0
2,pneumothorax (disorder),Unaligned,0
2,radiolucent gas collection identified between the liver dome and the diaphragm.,Unaligned,3
2,regional hyperlucency of the upper lung zone with decreased density of pulmonary vasculature.,Uncertain,0
2,single focal pulmonary nodule noted within the peripheral lung parenchyma.,Unaligned,0
2,the cervical spine demonstrates normal alignment and intact bony cortical margins throughout.,Unaligned,2
2,the costophrenic angles are preserved and show no signs of pleural fluid accumulation.,Uncertain,4
2,the left atrial appendage is located along the mid left heart border.,Uncertain,0
2,tracheal structure,Aligned,0
2,tuberculosis,Uncertain,1
2,visualized thoracic skeletal deformity with abnormal configuration of the bony thorax.,Unaligned,2
3,abnormal separation of the articular surfaces within the acromioclavicular joint.,Uncertain,1
3,atheroscleroses,Uncertain,0
3,cardiac insufficiency,Uncertain,0
3,"columns, vertebral",Uncertain,2
3,continuous bony bridging spanning multiple contiguous thoracic vertebral segments.,Uncertain,2
3,cystic fibrosis,Uncertain,0
3,dense consolidation obscuring the normal vascular markings in the left lower lung.,Uncertain,0
3,diffuse bilateral peribronchial thickening with prominent central bronchiectasis throughout both lungs.,Uncertain,0
3,diminished size of the hilar vessels with overall decreased pulmonary vascularity.,Uncertain,0
3,extraskeletal calcification,Uncertain,2
3,fibrocystic disease,Uncertain,0
3,gallstone diseases,Uncertain,5
3,homogeneous opacity with ipsilateral mediastinal shift indicating significant lobar collapse.,Uncertain,0
3,large air filled bullae are identified within the apical lung regions.,Aligned,0
3,linear scarring and calcified granulomas present in the upper lung zones.,Uncertain,1
3,lucent fracture line extending through the mid shaft of the left humerus.,Unaligned,2
3,lymphatic gland,Uncertain,7
3,miliary lupoid of boeck,Uncertain,1
3,multiple ring shadows and tubular opacities consistent with widespread cystic bronchiectasis.,Uncertain,0
3,patchy consolidations with cavitation identified in the right upper lung field.,Unaligned,1
3,pulmonary vascular structures are clearly visible radiating from the bilateral hila.,Uncertain,0
3,regional hyperlucency of the upper lung zone with decreased density of pulmonary vasculature.,Uncertain,0
3,the carina is sharp and located at the level of the hilum.,Uncertain,0
3,tortuous thoracic aorta with extensive mural calcification along the aortic knob.,Unaligned,0
3,tuberculosis,Uncertain,1
3,visible pleural air collection accompanied by dependent opacification consistent with a hemopneumothorax.,Uncertain,0
4,acute tracheobronchitis (disorder),Uncertain,0
4,cardiac ventricular morphology contributes to the overall size of the cardiac silhouette.,Uncertain,0
4,"columns, spinal",Uncertain,2
4,confluent airspace opacification present within the left lower lobe segment.,Uncertain,0
4,confluent airspace opacities identified throughout the right middle and lower lobes.,Uncertain,0
4,crowding of the pulmonary vascular markings within the affected lung zone.,Uncertain,0
4,diffuse fine reticulonodular opacities distributed throughout both mid and upper lung zones.,Uncertain,1
4,diffuse miliary pattern of tiny rounded opacities throughout the pulmonary parenchyma.,Uncertain,0
4,"disease, forestier's",Uncertain,2
4,"fibroses, pulmonary",Uncertain,0
4,gas filled structure noted superior to the left hemidiaphragm.,Uncertain,3
4,increased density obscuring the hemidiaphragm consistent with a significant pleural collection.,Uncertain,0
4,multiple ring shadows and tubular opacities consistent with widespread cystic bronchiectasis.,Uncertain,0
4,obliteration of the costophrenic sulcus consistent with pleural fluid collection.,Uncertain,0
4,single focal pulmonary nodule noted within the peripheral lung parenchyma.,Uncertain,0
4,solitary circumscribed mass lesion projecting over the right mid lung zone.,Uncertain,0
4,the pleural surfaces appear smooth and well defined along the lateral chest walls.,Uncertain,0
4,tortuous thoracic aorta with extensive mural calcification along the aortic knob.,Unaligned,0
4,tracheal structure,Aligned,0
4,well-defined costophrenic sulcus with normal contour and sharp margins.,Aligned,4
5,arthritides,Uncertain,1
5,atheromatosis,Uncertain,0
5,atheroscleroses,Uncertain,0
5,bilateral hilar lymphadenopathy with prominent right paratracheal nodal enlargement is noted.,Unaligned,1
5,bullous emphysema,Uncertain,0
5,complete disruption of the normal anatomical alignment of the sternoclavicular joint.,Unaligned,1
5,confluent airspace opacification present within the left lower lobe segment.,Uncertain,0
5,crowding of the pulmonary vascular markings within the affected lung zone.,Uncertain,0
5,dense amorphous calcifications identified along the thoracic wall soft tissue planes.,Uncertain,2
5,dense calcified plaques identified along the margins of the thoracic aorta.,Unaligned,0
5,diffuse fine reticulonodular opacities distributed throughout both mid and upper lung zones.,Uncertain,1
5,diminished size of the hilar vessels with overall decreased pulmonary vascularity.,Uncertain,0
5,heart atria,Uncertain,0
5,keeled chest,Uncertain,2
5,large air filled bullae are identified within the apical lung regions.,Unaligned,0
5,linear scarring and calcified granulomas present in the upper lung zones.,Uncertain,1
5,lucent fracture line extending through the mid shaft of the left humerus.,Unaligned,2
5,patchy opacification identified throughout the mid to lower zones of the lung.,Uncertain,0
5,single focal pulmonary nodule noted within the peripheral lung parenchyma.,Uncertain,0
5,solitary circumscribed mass lesion projecting over the right mid lung zone.,Uncertain,0
5,"spine, cervical",Uncertain,2
5,the cervical spine demonstrates normal alignment and intact bony cortical margins throughout.,Unaligned,2
5,the shoulder region demonstrates normal osseous alignment and intact cortical margins.,Uncertain,2
5,tortuous thoracic aorta with extensive mural calcification along the aortic knob.,Unaligned,0
5,visualized thoracic skeletal deformity with abnormal configuration of the bony thorax.,Uncertain,2
6,bronchiectasis (disorder),Uncertain,0
6,cardiac ventricular morphology contributes to the overall size of the cardiac silhouette.,Uncertain,0
6,chronic irreversible airway obstruction,Uncertain,0
6,costophrenic angle,Unaligned,4
6,dense calcified plaques identified along the margins of the thoracic aorta.,Unaligned,0
6,dense consolidation obscuring the normal vascular markings in the left lower lung.,Uncertain,0
6,diffuse miliary pattern of tiny rounded opacities throughout the pulmonary parenchyma.,Uncertain,0
6,expansile lytic lesion noted within the mid portion of the right scapula.,Unaligned,2
6,free intraperitoneal air collection noted tracking along the superior hepatic surface.,Unaligned,3
6,gallstone diseases,Uncertain,5
6,gas filled structure noted superior to the left hemidiaphragm.,Uncertain,3
6,large air filled bullae are identified within the apical lung regions.,Uncertain,0
6,large lobulated soft tissue density identified in the left lower lung field.,Unaligned,0
6,linear scarring and calcified granulomas present in the upper lung zones.,Uncertain,1
6,localized dome shaped elevation of the hemidiaphragm contour on the frontal view.,Uncertain,3
6,multiple ring shadows and tubular opacities consistent with widespread cystic bronchiectasis.,Uncertain,0
6,obliteration of the costophrenic sulcus consistent with pleural fluid collection.,Unaligned,0
6,oesophageal hiatal hernia,Uncertain,3
6,radiolucent gas collection identified between the liver dome and the diaphragm.,Uncertain,3
6,single focal pulmonary nodule noted within the peripheral lung parenchyma.,Uncertain,0
6,the cervical spine demonstrates normal alignment and intact bony cortical margins throughout.,Uncertain,2
6,the costophrenic angles are preserved and show no signs of pleural fluid accumulation.,Aligned,4
6,the diaphragm maintains a smooth arcuate contour across the lower thoracic cavity.,Aligned,3
6,the pleural surfaces appear smooth and well defined along the lateral chest walls.,Uncertain,0
6,the proximal humerus is visualized within the lateral aspect of the thoracic cage.,Unaligned,2
6,the thoracic aorta maintains a smooth lateral contour along the upper mediastinal stripe.,Unaligned,0
6,tortuous thoracic aorta with extensive mural calcification along the aortic knob.,Unaligned,0
6,unexpanded lung,Uncertain,0
6,visible pleural air collection accompanied by dependent opacification consistent with a hemopneumothorax.,Unaligned,0
6,visualized thoracic skeletal deformity with abnormal configuration of the bony thorax.,Uncertain,2
7,a solitary well-defined nodule with central dense calcification is noted.,Uncertain,0
7,besnier boeck disease,Uncertain,1
7,boeck sarcoid,Uncertain,1
7,bronchiectasis (disorder),Uncertain,0
7,bronchiolitis (disorder),Uncertain,0
7,bullous emphysema,Uncertain,0
7,central mediastinal structures maintain a normal position without evidence of abnormal widening.,Aligned,0
7,cervical spines,Uncertain,2
7,chronic irreversible airway obstruction,Uncertain,0
7,complete disruption of the normal anatomical alignment of the sternoclavicular joint.,Unaligned,1
7,dense calcified plaques identified along the margins of the thoracic aorta.,Unaligned,0
7,diffuse hyperlucency of the left lung with associated attenuation of peripheral pulmonary vessels.,Uncertain,0
7,focal pulmonary opacity with smooth margins located in the left upper lobe.,Uncertain,0
7,gas shadows are noted within the upper abdomen beneath the hemidiaphragms.,Uncertain,3
7,increased retrosternal clear space observed due to anterior sternal bowing.,Uncertain,2
7,linear scarring and calcified granulomas present in the upper lung zones.,Uncertain,1
7,localized dome shaped elevation of the hemidiaphragm contour on the frontal view.,Uncertain,3
7,lucent fracture line extending through the mid shaft of the left humerus.,Unaligned,2
7,multiple avascular lucent spaces are present throughout the upper pulmonary lobes.,Uncertain,0
7,single focal pulmonary nodule noted within the peripheral lung parenchyma.,Uncertain,0
7,the costophrenic angles are preserved and show no signs of pleural fluid accumulation.,Aligned,4
7,the pulmonary artery segment maintains a normal contour along the left heart border.,Aligned,0
7,the pulmonary artery trunk demonstrates normal caliber and smooth lateral mediastinal margins.,Aligned,0
7,tuberculosis,Uncertain,1
7,visualized thoracic skeletal deformity with abnormal configuration of the bony thorax.,Aligned,2
8,a solitary well-defined nodule with central dense calcification is noted.,Uncertain,0
8,a solitary well-defined rounded opacity is noted within the right upper lobe.,Uncertain,0
8,abnormal separation of the articular surfaces within the acromioclavicular joint.,Uncertain,1
8,atheroscleroses,Uncertain,0
8,besnier boeck disease,Uncertain,1
8,bilateral hilar lymphadenopathy with prominent right paratracheal nodal enlargement is noted.,Uncertain,1
8,cystic fibrosis (disorder),Uncertain,0
8,"disease, forestier's",Uncertain,2
8,extraskeletal calcification,Uncertain,2
8,fibrocystic disease,Uncertain,0
8,"fibroses, pulmonary",Uncertain,0
8,focal pulmonary opacity with smooth margins located in the left upper lobe.,Uncertain,0
8,gallstone diseases,Uncertain,5
8,layering opacity along the lateral chest wall indicates pleural effusion.,Uncertain,0
8,miliary lupoid of boeck,Uncertain,1
8,smooth tracheal walls are identified extending inferiorly toward the level of the carina.,Uncertain,0
8,sternal prominence projecting anteriorly beyond the normal thoracic cage margin.,Uncertain,2
8,the pulmonary artery trunk demonstrates normal caliber and smooth lateral mediastinal margins.,Uncertain,0
8,thoracic aorta appears as a well defined tubular structure within the superior mediastinum.,Uncertain,0
8,tuberculosis (disorder),Uncertain,1
9,a solitary well-defined nodule with central dense calcification is noted.,Uncertain,0
9,abnormal separation of the articular surfaces within the acromioclavicular joint.,Uncertain,1
9,bilateral perihilar airspace opacities consistent with pulmonary edema.,Uncertain,0
9,cardiomegaly with prominent pulmonary vascular congestion and bilateral perihilar interstitial opacities.,Uncertain,0
9,chronic irreversible airway obstruction,Uncertain,0
9,"columns, spinal",Uncertain,2
9,"disease, forestier's",Uncertain,2
9,fibrocystic disease,Uncertain,0
9,hemopneumothorax,Unaligned,0
9,large air filled bullae are identified within the apical lung regions.,Unaligned,0
9,lucent fracture line extending through the mid shaft of the left humerus.,Unaligned,2
9,miliary lupoid of boeck,Uncertain,1
9,normal aortic arch shadow is visualized along the superior mediastinal border.,Aligned,0
9,normal midline position of the trachea with a well defined tracheal air column.,Aligned,0
9,patchy consolidations with cavitation identified in the right upper lung field.,Uncertain,1
9,persistent hazy opacity noted within the right upper lobe lung parenchyma.,Uncertain,0
9,radiolucent gas collection identified between the liver dome and the diaphragm.,Uncertain,3
9,regional hyperlucency of the upper lung zone with decreased density of pulmonary vasculature.,Uncertain,0
9,shoulder region,Uncertain,2
9,smooth tracheal walls are identified extending inferiorly toward the level of the carina.,Uncertain,0
9,the shoulder region demonstrates normal osseous alignment and intact cortical margins.,Uncertain,2
9,the thoracic aorta maintains a smooth lateral contour along the upper mediastinal stripe.,Aligned,0
9,the tracheal bifurcation is clearly visualized with a sharp carinal angle.,Aligned,0
9,tortuous thoracic aorta with extensive mural calcification along the aortic knob.,Unaligned,0
9,visible pleural air collection accompanied by dependent opacification consistent with a hemopneumothorax.,Unaligned,0
10,atrial structure (body structure),Aligned,0
10,besnier boeck disease,Uncertain,1
10,bronchiolitis (disorder),Uncertain,0
10,cardiac ventricular morphology contributes to the overall size of the cardiac silhouette.,Uncertain,0
10,cardiomegaly with prominent pulmonary vascular congestion and bilateral perihilar interstitial opacities.,Uncertain,0
10,central mediastinal structures maintain a normal position without evidence of abnormal widening.,Aligned,0
10,coad,Uncertain,0
10,diffuse bilateral peribronchial thickening with prominent central bronchiectasis throughout both lungs.,Uncertain,0
10,diffuse hyperlucency of the left lung with associated attenuation of peripheral pulmonary vessels.,Uncertain,0
10,discrete radiopaque biliary calculus projected over the right hepatic shadow.,Unaligned,5
10,focal pulmonary opacity with smooth margins located in the left upper lobe.,Uncertain,0
10,gallstone diseases,Uncertain,5
10,generalized thinning of the cortical margins of the visualized ribs.,Uncertain,2
10,heart structure (body structure),Aligned,0
10,linear scarring and calcified granulomas present in the upper lung zones.,Uncertain,1
10,localized expansile lucency with thin sclerotic margins identified in the clavicular head.,Unaligned,2
10,lucent fracture line extending through the mid shaft of the left humerus.,Unaligned,2
10,miliary lupoid of boeck,Uncertain,1
10,multiple ring shadows and tubular opacities consistent with widespread cystic bronchiectasis.,Uncertain,0
10,oesophageal hiatal hernia,Uncertain,3
10,pulmonary cicatrix,Uncertain,0
10,solitary circumscribed mass lesion projecting over the right mid lung zone.,Uncertain,0
10,the cervical spine demonstrates normal alignment and intact bony cortical margins throughout.,Uncertain,2
10,the pleural surfaces appear smooth and well defined along the lateral chest walls.,Uncertain,0
10,the pulmonary artery segment maintains a normal contour along the left heart border.,Aligned,0
10,the pulmonary artery trunk demonstrates normal caliber and smooth lateral mediastinal margins.,Aligned,0
10,tuberculosis,Uncertain,1
10,visible pleural air collection accompanied by dependent opacification consistent with a hemopneumothorax.,Unaligned,0
11,atheroscleroses,Uncertain,0
11,bronchiolitis (disorder),Uncertain,0
11,cardiac ventricular morphology contributes to the overall size of the cardiac silhouette.,Uncertain,0
11,cardiomegaly (disorder),Uncertain,0
11,crowding of the pulmonary vascular markings within the affected lung zone.,Uncertain,0
11,enlarged mediastinal lymph nodes causing subtle widening of the paratracheal stripe.,Uncertain,7
11,gallstone disease,Uncertain,5
11,heart structure (body structure),Aligned,0
11,increased posterior curvature of the thoracic spine is noted on the lateral view.,Uncertain,2
11,large air filled bullae are identified within the apical lung regions.,Uncertain,0
11,localized dome shaped elevation of the hemidiaphragm contour on the frontal view.,Uncertain,3
11,lower thoracic and upper lumbar vertebrae are identified on the lateral view.,Uncertain,2
11,multiple ring shadows and tubular opacities consistent with widespread cystic bronchiectasis.,Uncertain,0
11,pericardial effusion,Uncertain,0
11,radiopaque calculus identified within the right upper quadrant biliary region.,Unaligned,5
11,the aortic silhouette maintains a normal configuration within the central mediastinal space.,Aligned,0
11,the left atrial appendage is located along the mid left heart border.,Uncertain,0
11,the pulmonary artery segment maintains a normal contour along the left heart border.,Uncertain,0
11,the thoracic aorta maintains a smooth lateral contour along the upper mediastinal stripe.,Unaligned,0
11,the upper abdomen is partially included at the base of the image.,Uncertain,3
11,tuberculous (qualifier value),Uncertain,1
11,vertebral columns,Uncertain,2
12,abnormal separation of the articular surfaces within the acromioclavicular joint.,Uncertain,1
12,acute bronchitis (disorder),Uncertain,0
12,atheroscleroses,Uncertain,0
12,besnier boeck disease,Uncertain,1
12,besnier boeck schaumann syndrome,Uncertain,1
12,cardiac ventricular morphology contributes to the overall size of the cardiac silhouette.,Aligned,0
12,cardiomegaly (disorder),Uncertain,0
12,cardiomegaly with prominent pulmonary vascular congestion and bilateral perihilar interstitial opacities.,Uncertain,0
12,cervical spines,Uncertain,2
12,"column, vertebral",Uncertain,2
12,diffuse hyperlucency of the left lung with associated attenuation of peripheral pulmonary vessels.,Uncertain,0
12,diminished size of the hilar vessels with overall decreased pulmonary vascularity.,Uncertain,0
12,"disease, forestier's",Uncertain,2
12,enlarged cardiac silhouette associated with diffuse bilateral pulmonary venous hypertension and edema.,Uncertain,0
12,enlarged mediastinal lymph nodes causing subtle widening of the paratracheal stripe.,Uncertain,7
12,fibrocystic disease,Uncertain,0
12,gallstone diseases,Uncertain,5
12,heart atrium,Uncertain,0
12,increased prominence of bronchovascular markings with bilateral hazy opacities.,Uncertain,0
12,layering opacity along the lateral chest wall indicates pleural effusion.,Uncertain,0
12,patchy airspace opacification identified in the right mid lung zone suggesting consolidation.,Uncertain,0
12,persistent hazy opacity noted within the right upper lobe lung parenchyma.,Uncertain,0
12,"sarcoid, boeck's",Uncertain,1
12,solitary circumscribed mass lesion projecting over the right mid lung zone.,Unaligned,0
12,"spine, cervical",Uncertain,2
12,the lungs appear well expanded with normal radiolucency throughout both hemithoraces.,Uncertain,0
12,tuberculosis,Uncertain,1
12,tuberculous (qualifier value),Uncertain,1
13,a solitary well-defined nodule with central dense calcification is noted.,Unaligned,0
13,abnormal separation of the articular surfaces within the acromioclavicular joint.,Uncertain,1
13,atheroscleroses,Uncertain,0
13,bullous emphysema,Aligned,0
13,calculus in biliary tract,Uncertain,5
13,cardiomegaly with prominent pulmonary vascular congestion and bilateral perihilar interstitial opacities.,Uncertain,0
13,cervical spines,Uncertain,2
13,cystic fibrosis (disorder),Uncertain,0
13,discrete radiopaque biliary calculus projected over the right hepatic shadow.,Unaligned,5
13,focal pulmonary opacity with smooth margins located in the left upper lobe.,Uncertain,0
13,gallstone disease,Uncertain,5
13,gallstone diseases,Uncertain,5
13,generalized thinning of the cortical margins of the visualized ribs.,Unaligned,2
13,layering opacity along the lateral chest wall indicates pleural effusion.,Unaligned,0
13,linear scarring and calcified granulomas present in the upper lung zones.,Uncertain,1
13,miliary lupoid of boeck,Uncertain,1
13,pneumothorax (disorder),Unaligned,0
13,smooth tracheal walls are identified extending inferiorly toward the level of the carina.,Unaligned,0
13,the thoracic aorta maintains a smooth lateral contour along the upper mediastinal stripe.,Unaligned,0
13,thoracic aorta appears as a well defined tubular structure within the superior mediastinum.,Aligned,0
13,tortuous thoracic aorta with extensive mural calcification along the aortic knob.,Unaligned,0
13,tuberculosis,Uncertain,1
13,tuberculous (qualifier value),Uncertain,1
14,a solitary well-defined rounded opacity is noted within the right upper lobe.,Unaligned,0
14,acute bronchitis (disorder),Uncertain,0
14,bronchiectasis (disorder),Uncertain,0
14,cardiac ventricular morphology contributes to the overall size of the cardiac silhouette.,Uncertain,0
14,chronic irreversible airway obstruction,Uncertain,0
14,coad,Uncertain,0
14,complete disruption of the normal anatomical alignment of the sternoclavicular joint.,Unaligned,1
14,cystic fibrosis,Uncertain,0
14,cystic fibrosis (disorder),Uncertain,0
14,diffuse miliary pattern of tiny rounded opacities throughout the pulmonary parenchyma.,Uncertain,0
14,diminished size of the hilar vessels with overall decreased pulmonary vascularity.,Uncertain,0
14,fibrocystic disease,Uncertain,0
14,gallstone diseases,Uncertain,5
14,generalized thinning of the cortical margins of the visualized ribs.,Uncertain,2
14,multiple ring shadows and tubular opacities consistent with widespread cystic bronchiectasis.,Uncertain,0
14,pulmonary vascular structures are clearly visible radiating from the bilateral hila.,Aligned,0
14,single focal pulmonary nodule noted within the peripheral lung parenchyma.,Uncertain,0
14,smooth tracheal walls are identified extending inferiorly toward the level of the carina.,Unaligned,0
14,solitary circumscribed mass lesion projecting over the right mid lung zone.,Uncertain,0
14,the costophrenic angles are preserved and show no signs of pleural fluid accumulation.,Aligned,4
14,thoracic vertebrae are visualized as a vertical column of stacked bony segments.,Aligned,2
14,tortuous thoracic aorta with extensive mural calcification along the aortic knob.,Unaligned,0
14,tracheal structure,Aligned,0
14,tuberculosis,Uncertain,1
15,bilateral hilar lymphadenopathy with prominent right paratracheal nodal enlargement is noted.,Unaligned,1
15,cardiac ventricular morphology contributes to the overall size of the cardiac silhouette.,Uncertain,0
15,cardiomegaly with prominent pulmonary vascular congestion and bilateral perihilar interstitial opacities.,Uncertain,0
15,"columns, spinal",Uncertain,2
15,confluent airspace opacities identified throughout the right middle and lower lobes.,Unaligned,0
15,costophrenic angle,Uncertain,4
15,dense consolidation obscuring the normal vascular markings in the left lower lung.,Unaligned,0
15,dense pleural opacity causing obscuration of the underlying pulmonary vascular markings.,Unaligned,0
15,enlarged cardiac silhouette associated with diffuse bilateral pulmonary venous hypertension and edema.,Uncertain,0
15,gallstone diseases,Uncertain,5
15,globular heart shape suggesting an increase in the pericardial space.,Uncertain,0
15,hemopneumothorax,Unaligned,0
15,increased density obscuring the hemidiaphragm consistent with a significant pleural collection.,Uncertain,0
15,increased prominence of bronchovascular markings with bilateral hazy opacities.,Uncertain,0
15,increased retrosternal lucency with posterior bowing of the sternal body on lateral view.,Uncertain,2
15,layering opacity along the lateral chest wall indicates pleural effusion.,Unaligned,0
15,obliteration of the costophrenic sulcus consistent with pleural fluid collection.,Unaligned,0
15,pleural hemorrhage,Unaligned,0
15,"spine, cervical",Uncertain,2
15,structure of yellow fat,Uncertain,6
15,the lungs appear well expanded with normal radiolucency throughout both hemithoraces.,Aligned,0
15,the pleural surfaces appear smooth and well defined along the lateral chest walls.,Aligned,0
15,tortuous thoracic aorta with extensive mural calcification along the aortic knob.,Unaligned,0
16,acute tracheobronchitis (disorder),Uncertain,0
16,bilateral perihilar airspace opacities consistent with pulmonary edema.,Uncertain,0
16,bullous emphysema,Uncertain,0
16,cardiac insufficiency,Uncertain,0
16,cardiomegaly (disorder),Uncertain,0
16,cardiomegaly with prominent pulmonary vascular congestion and bilateral perihilar interstitial opacities.,Uncertain,0
16,complete disruption of the normal anatomical alignment of the sternoclavicular joint.,Unaligned,1
16,confluent airspace opacities identified throughout the right middle and lower lobes.,Unaligned,0
16,diffuse fine reticulonodular opacities distributed throughout both mid and upper lung zones.,Uncertain,1
16,diffuse miliary pattern of tiny rounded opacities throughout the pulmonary parenchyma.,Uncertain,0
16,diminished size of the hilar vessels with overall decreased pulmonary vascularity.,Uncertain,0
16,extraskeletal calcification,Uncertain,2
16,fibrocystic disease,Uncertain,0
16,"fibroses, pulmonary",Uncertain,0
16,focal pulmonary opacity with smooth margins located in the left upper lobe.,Uncertain,0
16,forestiers disease,Uncertain,2
16,large lobulated soft tissue density identified in the left lower lung field.,Unaligned,0
16,miliary lupoid of boeck,Uncertain,1
16,multiple avascular lucent spaces are present throughout the upper pulmonary lobes.,Uncertain,0
16,single focal pulmonary nodule noted within the peripheral lung parenchyma.,Unaligned,0
16,solitary circumscribed mass lesion projecting over the right mid lung zone.,Unaligned,0
16,the pulmonary artery trunk demonstrates normal caliber and smooth lateral mediastinal margins.,Unaligned,0
16,tracheal structure,Uncertain,0
17,abnormal separation of the articular surfaces within the acromioclavicular joint.,Uncertain,1
17,acute bronchitis (disorder),Uncertain,0
17,bilateral diaphragmatic domes are smooth with sharp costophrenic angles on frontal view.,Uncertain,3
17,calculus in biliary tract,Uncertain,5
17,cardiac ventricular morphology contributes to the overall size of the cardiac silhouette.,Uncertain,0
17,cardiomegaly (disorder),Uncertain,0
17,cardiomegaly with prominent pulmonary vascular congestion and bilateral perihilar interstitial opacities.,Uncertain,0
17,cholelithiasis,Uncertain,5
17,coad,Uncertain,0
17,"columns, spinal",Uncertain,2
17,confluent airspace opacities identified throughout the right middle and lower lobes.,Uncertain,0
17,dense calcified plaques identified along the margins of the thoracic aorta.,Unaligned,0
17,dense consolidation obscuring the normal vascular markings in the left lower lung.,Uncertain,0
17,diffuse bilateral peribronchial thickening with prominent central bronchiectasis throughout both lungs.,Uncertain,0
17,diffuse miliary pattern of tiny rounded opacities throughout the pulmonary parenchyma.,Uncertain,0
17,diminished size of the hilar vessels with overall decreased pulmonary vascularity.,Uncertain,0
17,"disease, forestier",Uncertain,2
17,"disease, forestier's",Uncertain,2
17,enlarged cardiac silhouette associated with diffuse bilateral pulmonary venous hypertension and edema.,Uncertain,0
17,fibrocystic disease,Uncertain,0
17,"fibroses, pulmonary",Uncertain,0
17,gallstone disease,Uncertain,5
17,gallstone diseases,Uncertain,5
17,increased prominence of bronchovascular markings with bilateral hazy opacities.,Uncertain,0
17,large lobulated soft tissue density identified in the left lower lung field.,Unaligned,0
17,linear calcific densities visible along the contour of the thoracic aorta.,Aligned,0
17,miliary lupoid of boeck,Uncertain,1
17,normal aortic arch shadow is visualized along the superior mediastinal border.,Aligned,0
17,pleural effusions,Aligned,0
17,small focal nodular density identified in the left lower lung field.,Uncertain,0
17,small round opacities visible at the level of the fifth intercostal space.,Uncertain,0
17,smooth tracheal walls are identified extending inferiorly toward the level of the carina.,Uncertain,0
17,smoothly elevated contour of the hemidiaphragm suggesting localized thinning of the muscle.,Uncertain,3
17,the costophrenic sulcus remains patent with no obscuration of the angle.,Aligned,4
17,thoracic aorta appears as a well defined tubular structure within the superior mediastinum.,Aligned,0
17,"thorax, hyperlucent",Uncertain,0
17,tracheal structure,Aligned,0
17,tuberculous (qualifier value),Unaligned,1
17,well defined expansile lucent lesion involving the posterior aspect of the left rib.,Unaligned,2
17,well defined thick walled cavitary lesion identified in the left lower lobe.,Unaligned,0
18,acute bronchitis (disorder),Uncertain,0
18,cardiac ventricular morphology contributes to the overall size of the cardiac silhouette.,Uncertain,0
18,dense consolidation obscuring the normal vascular markings in the left lower lung.,Uncertain,0
18,diffuse fine reticulonodular opacities distributed throughout both mid and upper lung zones.,Uncertain,1
18,diminished size of the hilar vessels with overall decreased pulmonary vascularity.,Uncertain,0
18,discrete radiopaque biliary calculus projected over the right hepatic shadow.,Unaligned,5
18,"disease, forestier's",Uncertain,2
18,expansile lytic lesion noted within the mid portion of the right scapula.,Unaligned,2
18,fibrocystic disease,Uncertain,0
18,"fibroses, pulmonary",Uncertain,0
18,fine reticular opacities present throughout the mid and lower lung zones.,Uncertain,0
18,gallstone diseases,Uncertain,5
18,miliary lupoid of boeck,Uncertain,1
18,single focal pulmonary nodule noted within the peripheral lung parenchyma.,Uncertain,0
18,small focal nodular density identified in the left lower lung field.,Uncertain,0
18,"spine, cervical",Uncertain,2
18,the pleural surfaces appear smooth and well defined along the lateral chest walls.,Uncertain,0
18,the pulmonary artery segment maintains a normal contour along the left heart border.,Uncertain,0
18,tortuous thoracic aorta with extensive mural calcification along the aortic knob.,Unaligned,0
19,acute bronchitis,Uncertain,0
19,acute bronchitis (disorder),Uncertain,0
19,besnier boeck schaumann syndrome,Uncertain,1
19,bilateral perihilar airspace opacities consistent with pulmonary edema.,Uncertain,0
19,calculus in biliary tract,Uncertain,5
19,cardiomegaly with prominent pulmonary vascular congestion and bilateral perihilar interstitial opacities.,Uncertain,0
19,cervical spines,Uncertain,2
19,chronic irreversible airway obstruction,Uncertain,0
19,dense consolidation obscuring the normal vascular markings in the left lower lung.,Uncertain,0
19,dense pleural opacity causing obscuration of the underlying pulmonary vascular markings.,Uncertain,0
19,diffuse hyperlucency of the left lung with associated attenuation of peripheral pulmonary vessels.,Uncertain,0
19,extraskeletal calcification,Aligned,2
19,gas shadows are noted within the upper abdomen beneath the hemidiaphragms.,Uncertain,3
19,large air filled bullae are identified within the apical lung regions.,Uncertain,0
19,lucent fracture line extending through the mid shaft of the left humerus.,Unaligned,2
19,patchy opacification identified throughout the mid to lower zones of the lung.,Uncertain,0
19,pulmonary vascular structures are clearly visible radiating from the bilateral hila.,Uncertain,0
19,regional hyperlucency of the upper lung zone with decreased density of pulmonary vasculature.,Uncertain,0
19,single focal pulmonary nodule noted within the peripheral lung parenchyma.,Uncertain,0
19,solitary circumscribed mass lesion projecting over the right mid lung zone.,Uncertain,0
19,the costophrenic angles are preserved and show no signs of pleural fluid accumulation.,Uncertain,4
19,the left atrial appendage is located along the mid left heart border.,Uncertain,0
19,thoracic aorta appears as a well defined tubular structure within the superior mediastinum.,Unaligned,0
19,tracheal structure,Aligned,0
19,visible pleural air collection accompanied by dependent opacification consistent with a hemopneumothorax.,Unaligned,0
20,acute tracheobronchitis (disorder),Uncertain,0
20,bilateral perihilar airspace opacities consistent with pulmonary edema.,Uncertain,0
20,"bone, broken",Unaligned,2
20,calculus in biliary tract,Uncertain,5
20,cardiac insufficiency,Uncertain,0
20,cardiac ventricular morphology contributes to the overall size of the cardiac silhouette.,Uncertain,0
20,cardiomegaly (disorder),Uncertain,0
20,complete disruption of the normal anatomical alignment of the sternoclavicular joint.,Unaligned,1
20,confluent airspace opacification present within the left lower lobe segment.,Uncertain,0
20,diffuse fine reticulonodular opacities distributed throughout both mid and upper lung zones.,Uncertain,1
20,diminished size of the hilar vessels with overall decreased pulmonary vascularity.,Uncertain,0
20,"disease, forestier's",Uncertain,2
20,fibrocystic disease,Uncertain,0
20,humeri,Uncertain,2
20,pericardial effusion,Uncertain,0
20,retrocardiac soft tissue opacity noted within the posterior mediastinum.,Unaligned,3
20,single focal pulmonary nodule noted within the peripheral lung parenchyma.,Uncertain,0
20,"spine, cervical",Uncertain,2
20,the aortic silhouette maintains a normal configuration within the central mediastinal space.,Aligned,0
20,the pulmonary artery trunk demonstrates normal caliber and smooth lateral mediastinal margins.,Unaligned,0
20,the shoulder region demonstrates normal osseous alignment and intact cortical margins.,Uncertain,2
20,the upper abdomen is partially included at the base of the image.,Uncertain,3
20,tortuous thoracic aorta with extensive mural calcification along the aortic knob.,Unaligned,0
20,well-defined costophrenic sulcus with normal contour and sharp margins.,Aligned,4
21,bronchiectasis (disorder),Uncertain,0
21,bronchiolitis (disorder),Uncertain,0
21,cardiac ventricular morphology contributes to the overall size of the cardiac silhouette.,Uncertain,0
21,cardiomegaly with prominent pulmonary vascular congestion and bilateral perihilar interstitial opacities.,Uncertain,0
21,central mediastinal structures maintain a normal position without evidence of abnormal widening.,Uncertain,0
21,"columns, spinal",Uncertain,2
21,cystic fibrosis,Uncertain,0
21,dense amorphous calcifications identified along the thoracic wall soft tissue planes.,Unaligned,2
21,dense calcified plaques identified along the margins of the thoracic aorta.,Unaligned,0
21,diffuse bilateral peribronchial thickening with prominent central bronchiectasis throughout both lungs.,Uncertain,0
21,discrete radiopaque biliary calculus projected over the right hepatic shadow.,Unaligned,5
21,gallstone disease,Uncertain,5
21,gallstone diseases,Uncertain,5
21,"hernia, hiatus",Uncertain,3
21,large air filled bullae are identified within the apical lung regions.,Unaligned,0
21,linear lucencies tracking along the subcutaneous soft tissues of the chest wall.,Unaligned,0
21,obliteration of the costophrenic sulcus consistent with pleural fluid collection.,Unaligned,0
21,patchy consolidations with cavitation identified in the right upper lung field.,Unaligned,1
21,pulmonary cicatrix,Uncertain,0
21,radiolucent gas collection identified between the liver dome and the diaphragm.,Unaligned,3
21,radiopaque calculus identified within the right upper quadrant biliary region.,Unaligned,5
21,shoulder,Uncertain,2
21,solitary circumscribed mass lesion projecting over the right mid lung zone.,Uncertain,0
21,the diaphragm maintains a smooth arcuate contour across the lower thoracic cavity.,Uncertain,3
21,the heart ventricles occupy the inferior aspect of the central mediastinal shadow.,Uncertain,0
21,the left atrial appendage is located along the mid left heart border.,Uncertain,0
21,the lungs appear well expanded with normal radiolucency throughout both hemithoraces.,Uncertain,0
21,the pleural surfaces appear smooth and well defined along the lateral chest walls.,Aligned,0
21,the thoracic aorta maintains a smooth lateral contour along the upper mediastinal stripe.,Unaligned,0
21,tuberculosis,Uncertain,1
21,vertebral columns,Uncertain,2
21,visible pleural air collection accompanied by dependent opacification consistent with a hemopneumothorax.,Unaligned,0
22,acute bronchitis (disorder),Uncertain,0
22,crowding of the pulmonary vascular markings within the affected lung zone.,Uncertain,0
22,dense consolidation obscuring the normal vascular markings in the left lower lung.,Uncertain,0
22,discrete radiopaque biliary calculus projected over the right hepatic shadow.,Unaligned,5
22,enlarged mediastinal lymph nodes causing subtle widening of the paratracheal stripe.,Uncertain,7
22,free intraperitoneal air collection noted tracking along the superior hepatic surface.,Unaligned,3
22,gallstone disease,Uncertain,5
22,"hernia, hiatus",Uncertain,3
22,increased density obscuring the hemidiaphragm consistent with a significant pleural collection.,Uncertain,0
22,increased retrosternal lucency with posterior bowing of the sternal body on lateral view.,Uncertain,2
22,layering opacity along the lateral chest wall indicates pleural effusion.,Unaligned,0
22,localized dome shaped elevation of the hemidiaphragm contour on the frontal view.,Uncertain,3
22,lower thoracic and upper lumbar vertebrae are identified on the lateral view.,Uncertain,2
22,mediastinal shift,Unaligned,0
22,pericardial effusion,Uncertain,0
22,radiopaque calculus identified within the right upper quadrant biliary region.,Unaligned,5
22,"spine, cervical",Uncertain,2
22,subdiaphragmatic lucency consistent with free air within the peritoneal cavity.,Unaligned,3
22,the lungs appear well expanded with normal radiolucency throughout both hemithoraces.,Aligned,0
22,the pulmonary artery segment maintains a normal contour along the left heart border.,Aligned,0
22,the shoulder region demonstrates normal osseous alignment and intact cortical margins.,Uncertain,2
22,tortuous thoracic aorta with extensive mural calcification along the aortic knob.,Unaligned,0
22,vertebral columns,Uncertain,2
22,well-defined costophrenic sulcus with normal contour and sharp margins.,Aligned,4
23,bone structure of humerus (body structure),Aligned,2
23,cardiac ventricular morphology contributes to the overall size of the cardiac silhouette.,Uncertain,0
23,confluent airspace opacities identified throughout the right middle and lower lobes.,Uncertain,0
23,costophrenic angle,Aligned,4
23,cystic fibrosis,Uncertain,0
23,dense consolidation obscuring the normal vascular markings in the left lower lung.,Uncertain,0
23,diffuse bilateral peribronchial thickening with prominent central bronchiectasis throughout both lungs.,Uncertain,0
23,diffuse miliary pattern of tiny rounded opacities throughout the pulmonary parenchyma.,Uncertain,0
23,"disease, forestier's",Uncertain,2
23,"eventration, diaphragmatic",Aligned,3
23,gallstone diseases,Uncertain,5
23,gas shadows are noted within the upper abdomen beneath the hemidiaphragms.,Uncertain,3
23,generalized thinning of the cortical margins of the visualized ribs.,Uncertain,2
23,homogeneous opacification of the pleural space consistent with a large pleural effusion.,Aligned,0
23,increased cardiac shadow size with a water bottle configuration.,Uncertain,0
23,increased density obscuring the hemidiaphragm consistent with a significant pleural collection.,Uncertain,0
23,linear scarring and calcified granulomas present in the upper lung zones.,Uncertain,1
23,obliteration of the costophrenic sulcus consistent with pleural fluid collection.,Uncertain,0
23,shoulder,Uncertain,2
23,subdiaphragmatic lucency consistent with free air within the peritoneal cavity.,Unaligned,3
23,the diaphragm maintains a smooth arcuate contour across the lower thoracic cavity.,Uncertain,3
23,the heart ventricles occupy the inferior aspect of the central mediastinal shadow.,Uncertain,0
23,the left atrial appendage is located along the mid left heart border.,Uncertain,0
23,visible pleural air collection accompanied by dependent opacification consistent with a hemopneumothorax.,Unaligned,0
23,visualized proximal humerus demonstrates normal trabecular pattern and smooth cortical bone surfaces.,Uncertain,2
23,visualized thoracic skeletal deformity with abnormal configuration of the bony thorax.,Uncertain,2
23,well defined thick walled cavitary lesion identified in the left lower lobe.,Unaligned,0
24,acute tracheobronchitis (disorder),Uncertain,0
24,cardiac ventricular morphology contributes to the overall size of the cardiac silhouette.,Uncertain,0
24,complete disruption of the normal anatomical alignment of the sternoclavicular joint.,Unaligned,1
24,continuous bony bridging spanning multiple contiguous thoracic vertebral segments.,Unaligned,2
24,dense calcified plaques identified along the margins of the thoracic aorta.,Unaligned,0
24,dense pleural opacity causing obscuration of the underlying pulmonary vascular markings.,Unaligned,0
24,diffuse fine reticulonodular opacities distributed throughout both mid and upper lung zones.,Uncertain,1
24,enlarged mediastinal lymph nodes causing subtle widening of the paratracheal stripe.,Unaligned,7
24,expansile lytic lesion noted within the mid portion of the right scapula.,Unaligned,2
24,focal pulmonary opacity with smooth margins located in the left upper lobe.,Uncertain,0
24,large air filled bullae are identified within the apical lung regions.,Unaligned,0
24,linear scarring and calcified granulomas present in the upper lung zones.,Uncertain,1
24,localized expansile lucency with thin sclerotic margins identified in the clavicular head.,Unaligned,2
24,miliary lupoid of boeck,Uncertain,1
24,persistent hazy opacity noted within the right upper lobe lung parenchyma.,Unaligned,0
24,regional hyperlucency of the upper lung zone with decreased density of pulmonary vasculature.,Uncertain,0
24,single focal pulmonary nodule noted within the peripheral lung parenchyma.,Unaligned,0
24,smooth tracheal walls are identified extending inferiorly toward the level of the carina.,Uncertain,0
24,solitary circumscribed mass lesion projecting over the right mid lung zone.,Unaligned,0
24,the carina is sharp and located at the level of the hilum.,Uncertain,0
24,the cervical spine demonstrates normal alignment and intact bony cortical margins throughout.,Unaligned,2
24,the pulmonary artery segment maintains a normal contour along the left heart border.,Aligned,0
24,the thoracic spine shows an accentuated posterior curve on the lateral chest view.,Unaligned,2
24,visualized thoracic skeletal deformity with abnormal configuration of the bony thorax.,Aligned,2
25,a solitary well-defined nodule with central dense calcification is noted.,Unaligned,0
25,abnormal separation of the articular surfaces within the acromioclavicular joint.,Uncertain,1
25,bilateral hilar lymphadenopathy with prominent right paratracheal nodal enlargement is noted.,Unaligned,1
25,cardiac insufficiency,Uncertain,0
25,chronic irreversible airway obstruction,Aligned,0
25,coad,Uncertain,0
25,"columns, spinal",Uncertain,2
25,complete disruption of the normal anatomical alignment of the sternoclavicular joint.,Unaligned,1
25,cystic fibrosis (disorder),Uncertain,0
25,dense calcified plaques identified along the margins of the thoracic aorta.,Unaligned,0
25,diffuse fine reticulonodular opacities distributed throughout both mid and upper lung zones.,Uncertain,1
25,diminished size of the hilar vessels with overall decreased pulmonary vascularity.,Uncertain,0
25,"disease, forestier's",Uncertain,2
25,extraskeletal calcification,Uncertain,2
25,"fibroses, pulmonary",Aligned,0
25,free intraperitoneal air collection noted tracking along the superior hepatic surface.,Unaligned,3
25,gallstone diseases,Uncertain,5
25,hemopneumothorax,Unaligned,0
25,large air filled bullae are identified within the apical lung regions.,Unaligned,0
25,miliary lupoid of boeck,Uncertain,1
25,normal midline position of the trachea with a well defined tracheal air column.,Aligned,0
25,patchy consolidations with cavitation identified in the right upper lung field.,Unaligned,1
25,radiolucent gas collection identified between the liver dome and the diaphragm.,Unaligned,3
25,single focal pulmonary nodule noted within the peripheral lung parenchyma.,Unaligned,0
25,the thoracic aorta maintains a smooth lateral contour along the upper mediastinal stripe.,Unaligned,0
25,tortuous thoracic aorta with extensive mural calcification along the aortic knob.,Unaligned,0
25,tracheal structure,Uncertain,0
26,atrial structure (body structure),Uncertain,0
26,cardiac ventricular morphology contributes to the overall size of the cardiac silhouette.,Uncertain,0
26,cardiomegaly with prominent pulmonary vascular congestion and bilateral perihilar interstitial opacities.,Uncertain,0
26,"columns, vertebral",Uncertain,2
26,confluent airspace opacities identified throughout the right middle and lower lobes.,Uncertain,0
26,dense calcified plaques identified along the margins of the thoracic aorta.,Unaligned,0
26,dense consolidation obscuring the normal vascular markings in the left lower lung.,Uncertain,0
26,diffuse bilateral peribronchial thickening with prominent central bronchiectasis throughout both lungs.,Uncertain,0
26,diffuse miliary pattern of tiny rounded opacities throughout the pulmonary parenchyma.,Uncertain,0
26,"fibroses, pulmonary",Uncertain,0
26,forestiers disease,Uncertain,2
26,heart atria,Uncertain,0
26,homogeneous opacification of the pleural space consistent with a large pleural effusion.,Uncertain,0
26,increased cardiac shadow size with a water bottle configuration.,Uncertain,0
26,increased density obscuring the hemidiaphragm consistent with a significant pleural collection.,Uncertain,0
26,multiple small dense pulmonary nodules scattered throughout both lung fields.,Uncertain,0
26,oesophageal hiatal hernia,Uncertain,3
26,patchy opacification identified throughout the mid to lower zones of the lung.,Uncertain,0
26,the heart ventricles occupy the inferior aspect of the central mediastinal shadow.,Uncertain,0
26,the left atrial appendage is located along the mid left heart border.,Uncertain,0
26,unexpanded lung,Uncertain,0
27,acute bronchitis (disorder),Uncertain,0
27,chronic irreversible airway obstruction,Uncertain,0
27,confluent airspace opacification present within the left lower lobe segment.,Aligned,0
27,dense consolidation obscuring the normal vascular markings in the left lower lung.,Uncertain,0
27,forestiers disease,Uncertain,2
27,gas filled structure noted superior to the left hemidiaphragm.,Aligned,3
27,gas shadows are noted within the upper abdomen beneath the hemidiaphragms.,Uncertain,3
27,globular heart shape suggesting an increase in the pericardial space.,Unaligned,0
27,heart structure (body structure),Aligned,0
27,hemopneumothorax,Unaligned,0
27,homogeneous opacification of the pleural space consistent with a large pleural effusion.,Unaligned,0
27,increased retrosternal lucency with posterior bowing of the sternal body on lateral view.,Uncertain,2
27,large air filled bullae are identified within the apical lung regions.,Unaligned,0
27,localized dome shaped elevation of the hemidiaphragm contour on the frontal view.,Uncertain,3
27,lower thoracic and upper lumbar vertebrae are identified on the lateral view.,Uncertain,2
27,normal midline position of the trachea with a well defined tracheal air column.,Aligned,0
27,obliteration of the costophrenic sulcus consistent with pleural fluid collection.,Unaligned,0
27,pigeon breast,Aligned,2
27,pneumothorax (disorder),Unaligned,0
27,radiolucent epicardial adipose tissue visible along the lower anterior heart border.,Uncertain,6
27,retrocardiac soft tissue opacity noted within the posterior mediastinum.,Unaligned,3
27,"sarcoid, boeck's",Uncertain,1
27,shoulder,Uncertain,2
27,sternal prominence projecting anteriorly beyond the normal thoracic cage margin.,Unaligned,2
27,structure of yellow fat,Uncertain,6
27,the left atrial appendage is located along the mid left heart border.,Uncertain,0
27,the proximal humerus is visualized within the lateral aspect of the thoracic cage.,Unaligned,2
27,thoracic aorta appears as a well defined tubular structure within the superior mediastinum.,Unaligned,0
27,visible pleural air collection accompanied by dependent opacification consistent with a hemopneumothorax.,Unaligned,0
27,visualized thoracic skeletal deformity with abnormal configuration of the bony thorax.,Uncertain,2
27,well defined thick walled cavitary lesion identified in the left lower lobe.,Unaligned,0
28,bullous emphysema,Uncertain,0
28,chronic irreversible airway obstruction,Uncertain,0
28,complete disruption of the normal anatomical alignment of the sternoclavicular joint.,Uncertain,1
28,confluent airspace opacification present within the left lower lobe segment.,Uncertain,0
28,continuous bony bridging spanning multiple contiguous thoracic vertebral segments.,Uncertain,2
28,cystic fibrosis (disorder),Uncertain,0
28,displaced articular surfaces noted at the level of the acromioclavicular joint.,Uncertain,1
28,enlarged mediastinal lymph nodes causing subtle widening of the paratracheal stripe.,Uncertain,7
28,gas shadows are noted within the upper abdomen beneath the hemidiaphragms.,Unaligned,3
28,generalized thinning of the cortical margins of the visualized ribs.,Uncertain,2
28,large air filled bullae are identified within the apical lung regions.,Uncertain,0
28,localized dome shaped elevation of the hemidiaphragm contour on the frontal view.,Uncertain,3
28,lymphatic gland,Uncertain,7
28,normal aortic arch shadow is visualized along the superior mediastinal border.,Uncertain,0
28,patchy airspace opacification identified in the right mid lung zone suggesting consolidation.,Uncertain,0
28,patchy consolidations with cavitation identified in the right upper lung field.,Unaligned,1
28,regional hyperlucency of the upper lung zone with decreased density of pulmonary vasculature.,Uncertain,0
28,"spine, cervical",Uncertain,2
28,subdiaphragmatic lucency consistent with free air within the peritoneal cavity.,Unaligned,3
28,the carina is sharp and located at the level of the hilum.,Uncertain,0
28,the costophrenic angles are preserved and show no signs of pleural fluid accumulation.,Aligned,4
28,the lungs appear well expanded with normal radiolucency throughout both hemithoraces.,Aligned,0
28,the thoracic aorta maintains a smooth lateral contour along the upper mediastinal stripe.,Uncertain,0
28,the tracheal bifurcation is clearly visualized with a sharp carinal angle.,Aligned,0
28,vertebral columns,Uncertain,2
28,visible pleural air collection accompanied by dependent opacification consistent with a hemopneumothorax.,Unaligned,0
29,abnormal separation of the articular surfaces within the acromioclavicular joint.,Uncertain,1
29,bilateral hilar lymphadenopathy with prominent right paratracheal nodal enlargement is noted.,Unaligned,1
29,cardiac ventricular morphology contributes to the overall size of the cardiac silhouette.,Uncertain,0
29,cardiomegaly with prominent pulmonary vascular congestion and bilateral perihilar interstitial opacities.,Uncertain,0
29,complete disruption of the normal anatomical alignment of the sternoclavicular joint.,Unaligned,1
29,confluent airspace opacities identified throughout the right middle and lower lobes.,Uncertain,0
29,crowding of the pulmonary vascular markings within the affected lung zone.,Aligned,0
29,diffuse bilateral peribronchial thickening with prominent central bronchiectasis throughout both lungs.,Uncertain,0
29,diffuse fine reticulonodular opacities distributed throughout both mid and upper lung zones.,Uncertain,1
29,diffuse miliary pattern of tiny rounded opacities throughout the pulmonary parenchyma.,Uncertain,0
29,diminished size of the hilar vessels with overall decreased pulmonary vascularity.,Uncertain,0
29,extraskeletal calcification,Unaligned,2
29,fibrocystic disease,Uncertain,0
29,"fibroses, pulmonary",Aligned,0
29,multiple avascular lucent spaces are present throughout the upper pulmonary lobes.,Uncertain,0
29,multiple small dense pulmonary nodules scattered throughout both lung fields.,Uncertain,0
29,patchy consolidations with cavitation identified in the right upper lung field.,Unaligned,1
29,"spine, cervical",Uncertain,2
29,the carina is sharp and located at the level of the hilum.,Uncertain,0
29,tortuous thoracic aorta with extensive mural calcification along the aortic knob.,Unaligned,0
29,tracheal structure,Uncertain,0
29,visible pleural air collection accompanied by dependent opacification consistent with a hemopneumothorax.,Unaligned,0
30,atheromatosis,Uncertain,0
30,atheroscleroses,Uncertain,0
30,besnier boeck disease,Uncertain,1
30,complete disruption of the normal anatomical alignment of the sternoclavicular joint.,Unaligned,1
30,diminished size of the hilar vessels with overall decreased pulmonary vascularity.,Uncertain,0
30,discrete radiopaque biliary calculus projected over the right hepatic shadow.,Unaligned,5
30,"disease, forestier's",Uncertain,2
30,fibrocystic disease,Uncertain,0
30,focal pulmonary opacity with smooth margins located in the left upper lobe.,Uncertain,0
30,gallstone disease,Uncertain,5
30,gallstone diseases,Uncertain,5
30,gas shadows are noted within the upper abdomen beneath the hemidiaphragms.,Uncertain,3
30,generalized thinning of the cortical margins of the visualized ribs.,Uncertain,2
30,globular heart shape suggesting an increase in the pericardial space.,Uncertain,0
30,localized dome shaped elevation of the hemidiaphragm contour on the frontal view.,Uncertain,3
30,multiple ring shadows and tubular opacities consistent with widespread cystic bronchiectasis.,Uncertain,0
30,pneumothorax (disorder),Unaligned,0
30,pulmonary cicatrix,Uncertain,0
30,the carina is sharp and located at the level of the hilum.,Unaligned,0
30,the lungs appear well expanded with normal radiolucency throughout both hemithoraces.,Uncertain,0
30,the thoracic aorta maintains a smooth lateral contour along the upper mediastinal stripe.,Unaligned,0
30,the tracheal bifurcation is clearly visualized with a sharp carinal angle.,Unaligned,0
30,tortuous thoracic aorta with extensive mural calcification along the aortic knob.,Unaligned,0
31,acute bronchitis (disorder),Uncertain,0
31,atheroscleroses,Uncertain,0
31,bilateral hilar lymphadenopathy with prominent right paratracheal nodal enlargement is noted.,Unaligned,1
31,cardiac ventricular morphology contributes to the overall size of the cardiac silhouette.,Uncertain,0
31,coad,Uncertain,0
31,"columns, spinal",Uncertain,2
31,confluent airspace opacification present within the left lower lobe segment.,Uncertain,0
31,confluent airspace opacities identified throughout the right middle and lower lobes.,Unaligned,0
31,costophrenic angle,Aligned,4
31,crowding of the pulmonary vascular markings within the affected lung zone.,Uncertain,0
31,cystic fibrosis (disorder),Uncertain,0
31,dense consolidation obscuring the normal vascular markings in the left lower lung.,Uncertain,0
31,"disease, forestier's",Uncertain,2
31,fibrocystic disease,Uncertain,0
31,generalized thinning of the cortical margins of the visualized ribs.,Uncertain,2
31,humeri,Aligned,2
31,large air filled bullae are identified within the apical lung regions.,Uncertain,0
31,localized dome shaped elevation of the hemidiaphragm contour on the frontal view.,Uncertain,3
31,obliteration of the costophrenic sulcus consistent with pleural fluid collection.,Uncertain,0
31,prominent tubular opacities noted within the lower lung zones bilaterally.,Uncertain,0
31,pulmonary vascular structures are clearly visible radiating from the bilateral hila.,Uncertain,0
31,radiolucent gas collection identified between the liver dome and the diaphragm.,Uncertain,3
31,single focal pulmonary nodule noted within the peripheral lung parenchyma.,Uncertain,0
31,smooth tracheal walls are identified extending inferiorly toward the level of the carina.,Uncertain,0
31,solitary circumscribed mass lesion projecting over the right mid lung zone.,Uncertain,0
31,"spine, cervical",Uncertain,2
31,subdiaphragmatic lucency consistent with free air within the peritoneal cavity.,Unaligned,3
31,the lungs appear well expanded with normal radiolucency throughout both hemithoraces.,Uncertain,0
32,atheroscleroses,Uncertain,0
32,bronchiectasis (disorder),Uncertain,0
32,cardiac ventricular morphology contributes to the overall size of the cardiac silhouette.,Uncertain,0
32,diffuse bilateral peribronchial thickening with prominent central bronchiectasis throughout both lungs.,Uncertain,0
32,discrete radiopaque biliary calculus projected over the right hepatic shadow.,Unaligned,5
32,focal pulmonary opacity with smooth margins located in the left upper lobe.,Unaligned,0
32,gallstone diseases,Uncertain,5
32,generalized thinning of the cortical margins of the visualized ribs.,Unaligned,2
32,linear scarring and calcified granulomas present in the upper lung zones.,Uncertain,1
32,localized expansile lucency with thin sclerotic margins identified in the clavicular head.,Unaligned,2
32,miliary lupoid of boeck,Uncertain,1
32,multiple ring shadows and tubular opacities consistent with widespread cystic bronchiectasis.,Uncertain,0
32,pericardial effusion,Uncertain,0
32,single focal pulmonary nodule noted within the peripheral lung parenchyma.,Uncertain,0
32,solitary circumscribed mass lesion projecting over the right mid lung zone.,Unaligned,0
32,the cervical spine demonstrates normal alignment and intact bony cortical margins throughout.,Unaligned,2
32,the costophrenic angles are preserved and show no signs of pleural fluid accumulation.,Aligned,4
32,the heart ventricles occupy the inferior aspect of the central mediastinal shadow.,Unaligned,0
32,the pleural surfaces appear smooth and well defined along the lateral chest walls.,Aligned,0
32,the pulmonary artery segment maintains a normal contour along the left heart border.,Unaligned,0
32,the pulmonary artery trunk demonstrates normal caliber and smooth lateral mediastinal margins.,Unaligned,0
32,visualized proximal humerus demonstrates normal trabecular pattern and smooth cortical bone surfaces.,Uncertain,2
32,visualized thoracic skeletal deformity with abnormal configuration of the bony thorax.,Uncertain,2
33,a solitary well-defined nodule with central dense calcification is noted.,Uncertain,0
33,atheroscleroses,Uncertain,0
33,besnier boeck disease,Uncertain,1
33,calcified granuloma,Uncertain,0
33,calculus in biliary tract (disorder),Uncertain,5
33,central mediastinal structures maintain a normal position without evidence of abnormal widening.,Aligned,0
33,cystic fibrosis (disorder),Uncertain,0
33,diminished size of the hilar vessels with overall decreased pulmonary vascularity.,Uncertain,0
33,fibrocystic disease,Uncertain,0
33,"fibroses, pulmonary",Uncertain,0
33,focal pulmonary opacity with smooth margins located in the left upper lobe.,Uncertain,0
33,gallstone disease,Uncertain,5
33,gallstone diseases,Uncertain,5
33,generalized thinning of the cortical margins of the visualized ribs.,Uncertain,2
33,increased prominence of bronchovascular markings with bilateral hazy opacities.,Uncertain,0
33,linear lucencies tracking along the subcutaneous soft tissues of the chest wall.,Uncertain,0
33,miliary lupoid of boeck,Uncertain,1
33,multiple ring shadows and tubular opacities consistent with widespread cystic bronchiectasis.,Uncertain,0
33,multiple small dense pulmonary nodules scattered throughout both lung fields.,Uncertain,0
33,pneumothorax (disorder),Unaligned,0
33,pulmonary cicatrix,Uncertain,0
33,smooth tracheal walls are identified extending inferiorly toward the level of the carina.,Uncertain,0
33,solitary circumscribed mass lesion projecting over the right mid lung zone.,Uncertain,0
33,the carina is sharp and located at the level of the hilum.,Unaligned,0
33,the lungs appear well expanded with normal radiolucency throughout both hemithoraces.,Uncertain,0
33,tortuous thoracic aorta with extensive mural calcification along the aortic knob.,Unaligned,0
33,tuberculosis,Uncertain,1
33,well defined thick walled cavitary lesion identified in the left lower lobe.,Unaligned,0
34,acute bronchitis (disorder),Uncertain,0
34,cardiac ventricular morphology contributes to the overall size of the cardiac silhouette.,Uncertain,0
34,cardiomegaly (disorder),Uncertain,0
34,cardiomegaly with prominent pulmonary vascular congestion and bilateral perihilar interstitial opacities.,Uncertain,0
34,cervical spines,Uncertain,2
34,"columns, spinal",Uncertain,2
34,confluent airspace opacities identified throughout the right middle and lower lobes.,Unaligned,0
34,continuous bony bridging spanning multiple contiguous thoracic vertebral segments.,Uncertain,2
34,costophrenic angle,Uncertain,4
34,dense consolidation obscuring the normal vascular markings in the left lower lung.,Uncertain,0
34,diffuse bilateral peribronchial thickening with prominent central bronchiectasis throughout both lungs.,Uncertain,0
34,diminished size of the hilar vessels with overall decreased pulmonary vascularity.,Uncertain,0
34,discrete radiopaque biliary calculus projected over the right hepatic shadow.,Unaligned,5
34,enlarged cardiac silhouette associated with diffuse bilateral pulmonary venous hypertension and edema.,Uncertain,0
34,gallstone disease,Uncertain,5
34,gallstone diseases,Uncertain,5
34,heart atrium,Uncertain,0
34,increased retrosternal lucency with posterior bowing of the sternal body on lateral view.,Uncertain,2
34,lower thoracic and upper lumbar vertebrae are identified on the lateral view.,Uncertain,2
34,lucent fracture line extending through the mid shaft of the left humerus.,Unaligned,2
34,mediastinal shift,Uncertain,0
34,osteophyte of bone,Uncertain,2
34,pericardial effusion,Uncertain,0
34,pulmonary cicatrix,Uncertain,0
34,structure of yellow fat,Uncertain,6
34,the cervical spine demonstrates normal alignment and intact bony cortical margins throughout.,Unaligned,2
34,the heart ventricles occupy the inferior aspect of the central mediastinal shadow.,Uncertain,0
34,tortuous thoracic aorta with extensive mural calcification along the aortic knob.,Unaligned,0
34,tuberculosis,Uncertain,1
34,tuberculous (qualifier value),Uncertain,1
34,visible pleural air collection accompanied by dependent opacification consistent with a hemopneumothorax.,Unaligned,0
34,well defined expansile lucent lesion involving the posterior aspect of the left rib.,Unaligned,2
35,acute bronchitis (disorder),Uncertain,0
35,atheroscleroses,Uncertain,0
35,bilateral perihilar airspace opacities consistent with pulmonary edema.,Uncertain,0
35,cardiac ventricular morphology contributes to the overall size of the cardiac silhouette.,Uncertain,0
35,cardiomegaly (disorder),Uncertain,0
35,cardiomegaly with prominent pulmonary vascular congestion and bilateral perihilar interstitial opacities.,Uncertain,0
35,confluent airspace opacities identified throughout the right middle and lower lobes.,Unaligned,0
35,crowding of the pulmonary vascular markings within the affected lung zone.,Uncertain,0
35,dense pleural opacity causing obscuration of the underlying pulmonary vascular markings.,Unaligned,0
35,diffuse bilateral peribronchial thickening with prominent central bronchiectasis throughout both lungs.,Uncertain,0
35,diffuse fine reticulonodular opacities distributed throughout both mid and upper lung zones.,Uncertain,1
35,diminished size of the hilar vessels with overall decreased pulmonary vascularity.,Uncertain,0
35,"disease, forestier's",Uncertain,2
35,"fibroses, pulmonary",Uncertain,0
35,fine reticular opacities present throughout the mid and lower lung zones.,Uncertain,0
35,increased cardiac shadow size with a water bottle configuration.,Unaligned,0
35,increased density obscuring the hemidiaphragm consistent with a significant pleural collection.,Unaligned,0
35,increased prominence of bronchovascular markings with bilateral hazy opacities.,Uncertain,0
35,layering opacity along the lateral chest wall indicates pleural effusion.,Unaligned,0
35,multiple avascular lucent spaces are present throughout the upper pulmonary lobes.,Uncertain,0
35,patchy airspace opacification identified in the right mid lung zone suggesting consolidation.,Uncertain,0
35,patchy opacification identified throughout the mid to lower zones of the lung.,Uncertain,0
35,pericardial effusion,Uncertain,0
35,pulmonary vascular structures are clearly visible radiating from the bilateral hila.,Uncertain,0
35,retrocardiac soft tissue opacity noted within the posterior mediastinum.,Unaligned,3
35,single focal pulmonary nodule noted within the peripheral lung parenchyma.,Uncertain,0
35,small focal nodular density identified in the left lower lung field.,Uncertain,0
35,"spine, cervical",Uncertain,2
35,unexpanded lung,Uncertain,0
35,visualized thoracic skeletal deformity with abnormal configuration of the bony thorax.,Uncertain,2
35,well-defined costophrenic sulcus with normal contour and sharp margins.,Aligned,4
36,acute bronchitis (disorder),Uncertain,0
36,cardiomegaly (disorder),Uncertain,0
36,cardiomegaly with prominent pulmonary vascular congestion and bilateral perihilar interstitial opacities.,Uncertain,0
36,cervical spines,Uncertain,2
36,"columns, spinal",Uncertain,2
36,complete disruption of the normal anatomical alignment of the sternoclavicular joint.,Unaligned,1
36,confluent airspace opacification present within the left lower lobe segment.,Uncertain,0
36,continuous bony bridging spanning multiple contiguous thoracic vertebral segments.,Uncertain,2
36,discrete radiopaque biliary calculus projected over the right hepatic shadow.,Unaligned,5
36,enlarged mediastinal lymph nodes causing subtle widening of the paratracheal stripe.,Uncertain,7
36,gallstone disease,Uncertain,5
36,generalized thinning of the cortical margins of the visualized ribs.,Uncertain,2
36,increased cardiac shadow size with a water bottle configuration.,Uncertain,0
36,linear lucencies tracking along the subcutaneous soft tissues of the chest wall.,Uncertain,0
36,lower thoracic and upper lumbar vertebrae are identified on the lateral view.,Uncertain,2
36,normal midline position of the trachea with a well defined tracheal air column.,Uncertain,0
36,obliteration of the costophrenic sulcus consistent with pleural fluid collection.,Uncertain,0
36,pericardial effusion,Uncertain,0
36,pigeon breast,Uncertain,2
36,radiopaque calculus identified within the right upper quadrant biliary region.,Unaligned,5
36,smooth tracheal walls are identified extending inferiorly toward the level of the carina.,Uncertain,0
36,solitary circumscribed mass lesion projecting over the right mid lung zone.,Uncertain,0
36,"spine, cervical",Uncertain,2
36,the pleural surfaces appear smooth and well defined along the lateral chest walls.,Aligned,0
36,the proximal humerus is visualized within the lateral aspect of the thoracic cage.,Uncertain,2
36,the shoulder region demonstrates normal osseous alignment and intact cortical margins.,Uncertain,2
36,tortuous thoracic aorta with extensive mural calcification along the aortic knob.,Unaligned,0
36,tuberculosis,Uncertain,1
36,visible pleural air collection accompanied by dependent opacification consistent with a hemopneumothorax.,Unaligned,0
36,visualized thoracic skeletal deformity with abnormal configuration of the bony thorax.,Uncertain,2
37,a solitary well-defined nodule with central dense calcification is noted.,Unaligned,0
37,bronchiectasis (disorder),Uncertain,0
37,calculus in biliary tract (disorder),Uncertain,5
37,cardiac ventricular morphology contributes to the overall size of the cardiac silhouette.,Uncertain,0
37,central mediastinal structures maintain a normal position without evidence of abnormal widening.,Aligned,0
37,chronic irreversible airway obstruction,Uncertain,0
37,complete disruption of the normal anatomical alignment of the sternoclavicular joint.,Unaligned,1
37,dense calcified plaques identified along the margins of the thoracic aorta.,Unaligned,0
37,diminished size of the hilar vessels with overall decreased pulmonary vascularity.,Uncertain,0
37,fibrocystic disease,Uncertain,0
37,"fibroses, pulmonary",Uncertain,0
37,focal pulmonary opacity with smooth margins located in the left upper lobe.,Uncertain,0
37,increased retrosternal clear space observed due to anterior sternal bowing.,Aligned,2
37,keeled chest,Uncertain,2
37,large air filled bullae are identified within the apical lung regions.,Uncertain,0
37,multiple ring shadows and tubular opacities consistent with widespread cystic bronchiectasis.,Uncertain,0
37,normal aortic arch shadow is visualized along the superior mediastinal border.,Aligned,0
37,regional hyperlucency of the upper lung zone with decreased density of pulmonary vasculature.,Uncertain,0
37,single focal pulmonary nodule noted within the peripheral lung parenchyma.,Uncertain,0
37,smooth tracheal walls are identified extending inferiorly toward the level of the carina.,Unaligned,0
37,solitary circumscribed mass lesion projecting over the right mid lung zone.,Uncertain,0
37,the carina is sharp and located at the level of the hilum.,Uncertain,0
37,the costophrenic angles are preserved and show no signs of pleural fluid accumulation.,Uncertain,4
37,the heart ventricles occupy the inferior aspect of the central mediastinal shadow.,Uncertain,0
37,the lungs appear well expanded with normal radiolucency throughout both hemithoraces.,Aligned,0
37,the thoracic aorta maintains a smooth lateral contour along the upper mediastinal stripe.,Unaligned,0
37,tortuous thoracic aorta with extensive mural calcification along the aortic knob.,Unaligned,0
37,tuberculosis,Uncertain,1
37,visible pleural air collection accompanied by dependent opacification consistent with a hemopneumothorax.,Unaligned,0
37,well defined thick walled cavitary lesion identified in the left lower lobe.,Unaligned,0
38,a solitary well-defined rounded opacity is noted within the right upper lobe.,Unaligned,0
38,abnormal separation of the articular surfaces within the acromioclavicular joint.,Unaligned,1
38,besnier boeck schaumann syndrome,Aligned,1
38,bilateral hilar lymphadenopathy with prominent right paratracheal nodal enlargement is noted.,Unaligned,1
38,cardiomegaly with prominent pulmonary vascular congestion and bilateral perihilar interstitial opacities.,Uncertain,0
38,cervical spines,Uncertain,2
38,cholelithiasis,Uncertain,5
38,"column, vertebral",Aligned,2
38,confluent airspace opacities identified throughout the right middle and lower lobes.,Unaligned,0
38,dense amorphous calcifications identified along the thoracic wall soft tissue planes.,Uncertain,2
38,diffuse bilateral peribronchial thickening with prominent central bronchiectasis throughout both lungs.,Uncertain,0
38,discrete radiopaque biliary calculus projected over the right hepatic shadow.,Unaligned,5
38,focal pulmonary opacity with smooth margins located in the left upper lobe.,Uncertain,0
38,gallstone disease,Uncertain,5
38,gallstone diseases,Uncertain,5
38,gas shadows are noted within the upper abdomen beneath the hemidiaphragms.,Unaligned,3
38,hemopneumothorax,Unaligned,0
38,layering opacity along the lateral chest wall indicates pleural effusion.,Unaligned,0
38,lucent fracture line extending through the mid shaft of the left humerus.,Unaligned,2
38,multiple avascular lucent spaces are present throughout the upper pulmonary lobes.,Uncertain,0
38,multiple small dense pulmonary nodules scattered throughout both lung fields.,Uncertain,0
38,multiple small gas lucencies identified throughout the subcutaneous soft tissues of chest.,Uncertain,0
38,pulmonary cicatrix,Uncertain,0
38,shoulder,Uncertain,2
38,smooth tracheal walls are identified extending inferiorly toward the level of the carina.,Uncertain,0
38,sternal prominence projecting anteriorly beyond the normal thoracic cage margin.,Aligned,2
38,the costophrenic angles are preserved and show no signs of pleural fluid accumulation.,Uncertain,4
38,the diaphragm maintains a smooth arcuate contour across the lower thoracic cavity.,Aligned,3
38,the tracheal bifurcation is clearly visualized with a sharp carinal angle.,Unaligned,0
38,thoracic aorta appears as a well defined tubular structure within the superior mediastinum.,Unaligned,0
38,tuberculosis,Uncertain,1
38,visible pleural air collection accompanied by dependent opacification consistent with a hemopneumothorax.,Unaligned,0
39,calcified granuloma,Uncertain,0
39,cardiomegaly (disorder),Uncertain,0
39,cardiomegaly with prominent pulmonary vascular congestion and bilateral perihilar interstitial opacities.,Uncertain,0
39,"columns, spinal",Uncertain,2
39,confluent airspace opacification present within the left lower lobe segment.,Uncertain,0
39,dense consolidation obscuring the normal vascular markings in the left lower lung.,Uncertain,0
39,diffuse bilateral peribronchial thickening with prominent central bronchiectasis throughout both lungs.,Uncertain,0
39,diffuse hyperlucency of the left lung with associated attenuation of peripheral pulmonary vessels.,Uncertain,0
39,"disease, forestier's",Uncertain,2
39,enlarged mediastinal lymph nodes causing subtle widening of the paratracheal stripe.,Uncertain,7
39,gallstone diseases,Uncertain,5
39,large air filled bullae are identified within the apical lung regions.,Uncertain,0
39,layering opacity along the lateral chest wall indicates pleural effusion.,Uncertain,0
39,lower thoracic and upper lumbar vertebrae are identified on the lateral view.,Uncertain,2
39,miliary lupoid of boeck,Uncertain,1
39,multiple ring shadows and tubular opacities consistent with widespread cystic bronchiectasis.,Uncertain,0
39,normal midline position of the trachea with a well defined tracheal air column.,Uncertain,0
39,patchy airspace opacification identified in the right mid lung zone suggesting consolidation.,Uncertain,0
39,persistent hazy opacity noted within the right upper lobe lung parenchyma.,Uncertain,0
39,solitary circumscribed mass lesion projecting over the right mid lung zone.,Uncertain,0
39,the left atrial appendage is located along the mid left heart border.,Uncertain,0
39,the lungs appear well expanded with normal radiolucency throughout both hemithoraces.,Uncertain,0
39,tortuous thoracic aorta with extensive mural calcification along the aortic knob.,Unaligned,0
39,tuberculosis,Uncertain,1
39,visible pleural air collection accompanied by dependent opacification consistent with a hemopneumothorax.,Uncertain,0
40,a solitary well-defined rounded opacity is noted within the right upper lobe.,Unaligned,0
40,besnier boeck disease,Uncertain,1
40,bilateral hilar lymphadenopathy with prominent right paratracheal nodal enlargement is noted.,Unaligned,1
40,calcified granuloma,Uncertain,0
40,confluent airspace opacities identified throughout the right middle and lower lobes.,Uncertain,0
40,dense amorphous calcifications identified along the thoracic wall soft tissue planes.,Uncertain,2
40,discrete radiopaque biliary calculus projected over the right hepatic shadow.,Unaligned,5
40,fibrocystic disease,Uncertain,0
40,forestiers disease,Uncertain,2
40,gallstone disease,Uncertain,5
40,humeri,Uncertain,2
40,layering opacity along the lateral chest wall indicates pleural effusion.,Unaligned,0
40,localized expansile lucency with thin sclerotic margins identified in the clavicular head.,Unaligned,2
40,lucent fracture line extending through the mid shaft of the left humerus.,Unaligned,2
40,mediastinal shift,Unaligned,0
40,normal cardiac ventricular contours are visualized along the left heart border profile.,Aligned,0
40,radiopaque calculus identified within the right upper quadrant biliary region.,Unaligned,5
40,single focal pulmonary nodule noted within the peripheral lung parenchyma.,Uncertain,0
40,smooth tracheal walls are identified extending inferiorly toward the level of the carina.,Uncertain,0
40,solitary circumscribed mass lesion projecting over the right mid lung zone.,Uncertain,0
40,subdiaphragmatic lucency consistent with free air within the peritoneal cavity.,Unaligned,3
40,the pulmonary artery segment maintains a normal contour along the left heart border.,Uncertain,0
40,the shoulder region demonstrates normal osseous alignment and intact cortical margins.,Uncertain,2
40,visualized proximal humerus demonstrates normal trabecular pattern and smooth cortical bone surfaces.,Uncertain,2
41,bullous emphysema,Uncertain,0
41,cardiac ventricular morphology contributes to the overall size of the cardiac silhouette.,Uncertain,0
41,cardiomegaly (disorder),Uncertain,0
41,cardiomegaly with prominent pulmonary vascular congestion and bilateral perihilar interstitial opacities.,Uncertain,0
41,chronic irreversible airway obstruction,Uncertain,0
41,"columns, spinal",Uncertain,2
41,complete disruption of the normal anatomical alignment of the sternoclavicular joint.,Unaligned,1
41,crowding of the pulmonary vascular markings within the affected lung zone.,Uncertain,0
41,dense consolidation obscuring the normal vascular markings in the left lower lung.,Unaligned,0
41,diffuse fine reticulonodular opacities distributed throughout both mid and upper lung zones.,Uncertain,1
41,diffuse miliary pattern of tiny rounded opacities throughout the pulmonary parenchyma.,Uncertain,0
41,"fibroses, pulmonary",Uncertain,0
41,gas filled structure noted superior to the left hemidiaphragm.,Unaligned,3
41,increased density obscuring the hemidiaphragm consistent with a significant pleural collection.,Unaligned,0
41,increased prominence of bronchovascular markings with bilateral hazy opacities.,Uncertain,0
41,normal aortic arch shadow is visualized along the superior mediastinal border.,Aligned,0
41,pigeon breast,Uncertain,2
41,shoulder,Uncertain,2
41,"spine, cervical",Uncertain,2
41,structure of yellow fat,Uncertain,6
41,the pleural surfaces appear smooth and well defined along the lateral chest walls.,Aligned,0
41,tracheal structure,Uncertain,0
41,tuberculous,Uncertain,1
41,well-defined costophrenic sulcus with normal contour and sharp margins.,Aligned,4
42,a solitary well-defined rounded opacity is noted within the right upper lobe.,Unaligned,0
42,cardiac insufficiency,Uncertain,0
42,cardiomegaly (disorder),Uncertain,0
42,cardiomegaly with prominent pulmonary vascular congestion and bilateral perihilar interstitial opacities.,Uncertain,0
42,cholelithiasis,Uncertain,5
42,"columns, spinal",Uncertain,2
42,continuous bony bridging spanning multiple contiguous thoracic vertebral segments.,Uncertain,2
42,dense consolidation obscuring the normal vascular markings in the left lower lung.,Uncertain,0
42,diffuse bilateral peribronchial thickening with prominent central bronchiectasis throughout both lungs.,Uncertain,0
42,fine reticular opacities present throughout the mid and lower lung zones.,Uncertain,0
42,focal pulmonary opacity with smooth margins located in the left upper lobe.,Uncertain,0
42,gallstone diseases,Uncertain,5
42,generalized thinning of the cortical margins of the visualized ribs.,Uncertain,2
42,linear lucencies tracking along the subcutaneous soft tissues of the chest wall.,Uncertain,0
42,linear scarring and calcified granulomas present in the upper lung zones.,Uncertain,1
42,lower thoracic and upper lumbar vertebrae are identified on the lateral view.,Uncertain,2
42,mediastinal shift,Unaligned,0
42,miliary lupoid of boeck,Uncertain,1
42,multiple avascular lucent spaces are present throughout the upper pulmonary lobes.,Uncertain,0
42,patchy airspace opacification identified in the right mid lung zone suggesting consolidation.,Uncertain,0
42,patchy opacification identified throughout the mid to lower zones of the lung.,Uncertain,0
42,pneumohemothorax,Unaligned,0
42,"spine, cervical",Uncertain,2
42,the cervical spine demonstrates normal alignment and intact bony cortical margins throughout.,Uncertain,2
42,the costophrenic angles are preserved and show no signs of pleural fluid accumulation.,Aligned,4
42,the heart ventricles occupy the inferior aspect of the central mediastinal shadow.,Uncertain,0
42,the pulmonary artery segment maintains a normal contour along the left heart border.,Uncertain,0
42,tuberculosis,Uncertain,1
42,vertebral columns,Uncertain,2
42,visualized proximal humerus demonstrates normal trabecular pattern and smooth cortical bone surfaces.,Uncertain,2
42,visualized thoracic skeletal deformity with abnormal configuration of the bony thorax.,Uncertain,2
43,acute bronchitis (disorder),Uncertain,0
43,cardiac ventricular morphology contributes to the overall size of the cardiac silhouette.,Aligned,0
43,cardiomegaly (disorder),Aligned,0
43,confluent airspace opacities identified throughout the right middle and lower lobes.,Unaligned,0
43,crowding of the pulmonary vascular markings within the affected lung zone.,Uncertain,0
43,cystic fibrosis (disorder),Uncertain,0
43,diminished size of the hilar vessels with overall decreased pulmonary vascularity.,Uncertain,0
43,"disease, forestier's",Uncertain,2
43,"fibroses, pulmonary",Uncertain,0
43,"hernia, hiatus",Uncertain,3
43,increased retrosternal lucency with posterior bowing of the sternal body on lateral view.,Uncertain,2
43,large air filled bullae are identified within the apical lung regions.,Unaligned,0
43,persistent hazy opacity noted within the right upper lobe lung parenchyma.,Uncertain,0
43,radiopaque calculus identified within the right upper quadrant biliary region.,Unaligned,5
43,retrocardiac soft tissue opacity noted within the posterior mediastinum.,Unaligned,3
43,"spine, cervical",Uncertain,2
43,the left atrial appendage is located along the mid left heart border.,Uncertain,0
43,the pulmonary artery segment maintains a normal contour along the left heart border.,Aligned,0
43,the pulmonary artery trunk demonstrates normal caliber and smooth lateral mediastinal margins.,Aligned,0
43,tortuous thoracic aorta with extensive mural calcification along the aortic knob.,Aligned,0
43,tuberculosis,Uncertain,1
43,well-defined costophrenic sulcus with normal contour and sharp margins.,Aligned,4
44,atheroscleroses,Uncertain,0
44,bilateral hilar lymphadenopathy with prominent right paratracheal nodal enlargement is noted.,Unaligned,1
44,calculus in biliary tract,Uncertain,5
44,cardiac ventricular morphology contributes to the overall size of the cardiac silhouette.,Uncertain,0
44,cardiomegaly with prominent pulmonary vascular congestion and bilateral perihilar interstitial opacities.,Uncertain,0
44,"columns, spinal",Uncertain,2
44,diffuse fine reticulonodular opacities distributed throughout both mid and upper lung zones.,Uncertain,1
44,diminished size of the hilar vessels with overall decreased pulmonary vascularity.,Uncertain,0
44,"disease, forestier's",Uncertain,2
44,fibrocystic disease,Uncertain,0
44,"fibroses, pulmonary",Uncertain,0
44,fine reticular opacities present throughout the mid and lower lung zones.,Uncertain,0
44,gallstone diseases,Uncertain,5
44,large lobulated soft tissue density identified in the left lower lung field.,Unaligned,0
44,layering opacity along the lateral chest wall indicates pleural effusion.,Unaligned,0
44,miliary lupoid of boeck,Uncertain,1
44,persistent hazy opacity noted within the right upper lobe lung parenchyma.,Unaligned,0
44,single focal pulmonary nodule noted within the peripheral lung parenchyma.,Unaligned,0
44,smooth tracheal walls are identified extending inferiorly toward the level of the carina.,Unaligned,0
44,the carina is sharp and located at the level of the hilum.,Uncertain,0
44,tortuous thoracic aorta with extensive mural calcification along the aortic knob.,Unaligned,0
44,tracheal structure,Aligned,0
44,tuberculous (qualifier value),Uncertain,1
44,visualized proximal humerus demonstrates normal trabecular pattern and smooth cortical bone surfaces.,Uncertain,2
45,acute bronchitis (disorder),Uncertain,0
45,atheroscleroses,Uncertain,0
45,calculus in biliary tract,Uncertain,5
45,cardiac ventricular morphology contributes to the overall size of the cardiac silhouette.,Uncertain,0
45,cardiomegaly with prominent pulmonary vascular congestion and bilateral perihilar interstitial opacities.,Uncertain,0
45,coad,Uncertain,0
45,confluent airspace opacities identified throughout the right middle and lower lobes.,Unaligned,0
45,discrete radiopaque biliary calculus projected over the right hepatic shadow.,Unaligned,5
45,"disease, forestier's",Uncertain,2
45,enlarged cardiac silhouette associated with diffuse bilateral pulmonary venous hypertension and edema.,Uncertain,0
45,free intraperitoneal air collection noted tracking along the superior hepatic surface.,Unaligned,3
45,gallstone disease,Uncertain,5
45,gallstone diseases,Uncertain,5
45,globular heart shape suggesting an increase in the pericardial space.,Uncertain,0
45,large lobulated soft tissue density identified in the left lower lung field.,Unaligned,0
45,patchy consolidations with cavitation identified in the right upper lung field.,Unaligned,1
45,pericardial effusion,Uncertain,0
45,small focal nodular density identified in the left lower lung field.,Uncertain,0
45,the heart ventricles occupy the inferior aspect of the central mediastinal shadow.,Uncertain,0
45,the pulmonary artery trunk demonstrates normal caliber and smooth lateral mediastinal margins.,Aligned,0
45,the shoulder region demonstrates normal osseous alignment and intact cortical margins.,Uncertain,2
45,the thoracic aorta maintains a smooth lateral contour along the upper mediastinal stripe.,Aligned,0
46,acute bronchitis (disorder),Uncertain,0
46,atheroscleroses,Uncertain,0
46,cardiac ventricular morphology contributes to the overall size of the cardiac silhouette.,Uncertain,0
46,"columns, spinal",Uncertain,2
46,complete disruption of the normal anatomical alignment of the sternoclavicular joint.,Unaligned,1
46,crowding of the pulmonary vascular markings within the affected lung zone.,Uncertain,0
46,cystic fibrosis (disorder),Uncertain,0
46,diffuse hyperlucency of the left lung with associated attenuation of peripheral pulmonary vessels.,Uncertain,0
46,diminished size of the hilar vessels with overall decreased pulmonary vascularity.,Uncertain,0
46,"disease, forestier's",Uncertain,2
46,generalized thinning of the cortical margins of the visualized ribs.,Uncertain,2
46,heart atria,Uncertain,0
46,large air filled bullae are identified within the apical lung regions.,Uncertain,0
46,localized dome shaped elevation of the hemidiaphragm contour on the frontal view.,Uncertain,3
46,lower thoracic and upper lumbar vertebrae are identified on the lateral view.,Uncertain,2
46,lucent fracture line extending through the mid shaft of the left humerus.,Unaligned,2
46,pulmonary cicatrix,Uncertain,0
46,radiopaque calculus identified within the right upper quadrant biliary region.,Unaligned,5
46,"sarcoid, boeck's",Uncertain,1
46,smooth tracheal walls are identified extending inferiorly toward the level of the carina.,Uncertain,0
46,the aortic silhouette maintains a normal configuration within the central mediastinal space.,Aligned,0
46,the carina is sharp and located at the level of the hilum.,Uncertain,0
46,the left atrial appendage is located along the mid left heart border.,Uncertain,0
46,the pleural surfaces appear smooth and well defined along the lateral chest walls.,Uncertain,0
46,the pulmonary artery segment maintains a normal contour along the left heart border.,Uncertain,0
46,the thoracic aorta maintains a smooth lateral contour along the upper mediastinal stripe.,Unaligned,0
46,tortuous thoracic aorta with extensive mural calcification along the aortic knob.,Unaligned,0
46,tuberculous (qualifier value),Uncertain,1
46,vertebral columns,Uncertain,2
46,well defined thick walled cavitary lesion identified in the left lower lobe.,Uncertain,0
47,a solitary well-defined nodule with central dense calcification is noted.,Uncertain,0
47,bilateral hilar lymphadenopathy with prominent right paratracheal nodal enlargement is noted.,Uncertain,1
47,cardiac ventricular morphology contributes to the overall size of the cardiac silhouette.,Uncertain,0
47,cervical spines,Uncertain,2
47,"columns, spinal",Uncertain,2
47,dense calcified plaques identified along the margins of the thoracic aorta.,Uncertain,0
47,diminished size of the hilar vessels with overall decreased pulmonary vascularity.,Uncertain,0
47,"disease, forestier's",Uncertain,2
47,enlarged mediastinal lymph nodes causing subtle widening of the paratracheal stripe.,Uncertain,7
47,fibrocystic disease,Uncertain,0
47,"fibroses, pulmonary",Uncertain,0
47,gallstone disease,Uncertain,5
47,gallstone diseases,Uncertain,5
47,increased posterior curvature of the thoracic spine is noted on the lateral view.,Uncertain,2
47,large lobulated soft tissue density identified in the left lower lung field.,Uncertain,0
47,layering opacity along the lateral chest wall indicates pleural effusion.,Uncertain,0
47,miliary lupoid of boeck,Uncertain,1
47,multiple ring shadows and tubular opacities consistent with widespread cystic bronchiectasis.,Uncertain,0
47,the diaphragm maintains a smooth arcuate contour across the lower thoracic cavity.,Uncertain,3
47,the thoracic aorta maintains a smooth lateral contour along the upper mediastinal stripe.,Aligned,0
47,tortuous thoracic aorta with extensive mural calcification along the aortic knob.,Unaligned,0
47,tracheal structure,Aligned,0
47,tuberculosis,Uncertain,1
48,besnier boeck disease,Uncertain,1
48,calcified granuloma,Uncertain,0
48,cardiomegaly with prominent pulmonary vascular congestion and bilateral perihilar interstitial opacities.,Uncertain,0
48,complete disruption of the normal anatomical alignment of the sternoclavicular joint.,Unaligned,1
48,confluent airspace opacification present within the left lower lobe segment.,Unaligned,0
48,confluent airspace opacities identified throughout the right middle and lower lobes.,Unaligned,0
48,dense amorphous calcifications identified along the thoracic wall soft tissue planes.,Unaligned,2
48,dense consolidation obscuring the normal vascular markings in the left lower lung.,Unaligned,0
48,dense pleural opacity causing obscuration of the underlying pulmonary vascular markings.,Unaligned,0
48,diffuse miliary pattern of tiny rounded opacities throughout the pulmonary parenchyma.,Uncertain,0
48,enlarged cardiac silhouette associated with diffuse bilateral pulmonary venous hypertension and edema.,Unaligned,0
48,expansile lytic lesion noted within the mid portion of the right scapula.,Unaligned,2
48,gallstone diseases,Uncertain,5
48,globular heart shape suggesting an increase in the pericardial space.,Unaligned,0
48,heart atria,Uncertain,0
48,hemopneumothorax,Unaligned,0
48,increased prominence of bronchovascular markings with bilateral hazy opacities.,Uncertain,0
48,large lobulated soft tissue density identified in the left lower lung field.,Unaligned,0
48,normal midline position of the trachea with a well defined tracheal air column.,Aligned,0
48,obliteration of the costophrenic sulcus consistent with pleural fluid collection.,Unaligned,0
48,persistent hazy opacity noted within the right upper lobe lung parenchyma.,Unaligned,0
48,pleural effusions,Aligned,0
48,the lungs appear well expanded with normal radiolucency throughout both hemithoraces.,Aligned,0
48,the proximal humerus is visualized within the lateral aspect of the thoracic cage.,Aligned,2
48,tracheal structure,Aligned,0
49,atheroscleroses,Uncertain,0
49,bilateral diaphragmatic domes are smooth with sharp costophrenic angles on frontal view.,Aligned,3
49,bronchiectasis (disorder),Uncertain,0
49,cardiac ventricular morphology contributes to the overall size of the cardiac silhouette.,Uncertain,0
49,central mediastinal structures maintain a normal position without evidence of abnormal widening.,Aligned,0
49,chronic irreversible airway obstruction,Uncertain,0
49,confluent airspace opacities identified throughout the right middle and lower lobes.,Uncertain,0
49,dense calcified plaques identified along the margins of the thoracic aorta.,Unaligned,0
49,diffuse bilateral peribronchial thickening with prominent central bronchiectasis throughout both lungs.,Uncertain,0
49,diffuse miliary pattern of tiny rounded opacities throughout the pulmonary parenchyma.,Uncertain,0
49,"disease, forestier's",Uncertain,2
49,"fibroses, pulmonary",Uncertain,0
49,gallstone diseases,Uncertain,5
49,large air filled bullae are identified within the apical lung regions.,Uncertain,0
49,large lobulated soft tissue density identified in the left lower lung field.,Unaligned,0
49,multiple ring shadows and tubular opacities consistent with widespread cystic bronchiectasis.,Uncertain,0
49,obliteration of the costophrenic sulcus consistent with pleural fluid collection.,Unaligned,0
49,patchy consolidations with cavitation identified in the right upper lung field.,Unaligned,1
49,radiopaque calculus identified within the right upper quadrant biliary region.,Unaligned,5
49,single focal pulmonary nodule noted within the peripheral lung parenchyma.,Uncertain,0
49,small focal nodular density identified in the left lower lung field.,Uncertain,0
49,solitary circumscribed mass lesion projecting over the right mid lung zone.,Uncertain,0
49,the cervical spine demonstrates normal alignment and intact bony cortical margins throughout.,Unaligned,2
49,the costophrenic angles are preserved and show no signs of pleural fluid accumulation.,Aligned,4
49,the diaphragm maintains a smooth arcuate contour across the lower thoracic cavity.,Aligned,3
49,the heart ventricles occupy the inferior aspect of the central mediastinal shadow.,Aligned,0
49,the pleural surfaces appear smooth and well defined along the lateral chest walls.,Aligned,0
49,unexpanded lung,Uncertain,0
49,vertebral columns,Uncertain,2
50,calcified granuloma,Uncertain,0
50,calculus in biliary tract,Uncertain,5
50,cardiac ventricular morphology contributes to the overall size of the cardiac silhouette.,Uncertain,0
50,complete disruption of the normal anatomical alignment of the sternoclavicular joint.,Unaligned,1
50,crowding of the pulmonary vascular markings within the affected lung zone.,Uncertain,0
50,cystic fibrosis (disorder),Uncertain,0
50,diffuse bilateral peribronchial thickening with prominent central bronchiectasis throughout both lungs.,Uncertain,0
50,diffuse hyperlucency of the left lung with associated attenuation of peripheral pulmonary vessels.,Uncertain,0
50,diminished size of the hilar vessels with overall decreased pulmonary vascularity.,Uncertain,0
50,"disease, forestier's",Uncertain,2
50,enlarged mediastinal lymph nodes causing subtle widening of the paratracheal stripe.,Uncertain,7
50,fibrocystic disease,Uncertain,0
50,increased retrosternal lucency with posterior bowing of the sternal body on lateral view.,Uncertain,2
50,large air filled bullae are identified within the apical lung regions.,Uncertain,0
50,mediastinal shift,Unaligned,0
50,miliary lupoid of boeck,Uncertain,1
50,multiple ring shadows and tubular opacities consistent with widespread cystic bronchiectasis.,Uncertain,0
50,normal aortic arch shadow is visualized along the superior mediastinal border.,Unaligned,0
50,persistent hazy opacity noted within the right upper lobe lung parenchyma.,Uncertain,0
50,"sarcoid, boeck's",Uncertain,1
50,smooth tracheal walls are identified extending inferiorly toward the level of the carina.,Uncertain,0
50,solitary circumscribed mass lesion projecting over the right mid lung zone.,Unaligned,0
50,"spine, cervical",Uncertain,2
50,the carina is sharp and located at the level of the hilum.,Uncertain,0
50,the left atrial appendage is located along the mid left heart border.,Uncertain,0
50,the lungs appear well expanded with normal radiolucency throughout both hemithoraces.,Uncertain,0
50,the pulmonary artery segment maintains a normal contour along the left heart border.,Uncertain,0
50,tortuous thoracic aorta with extensive mural calcification along the aortic knob.,Unaligned,0
50,tuberculosis,Uncertain,1
51,calcified granuloma,Uncertain,0
51,cardiomegaly with prominent pulmonary vascular congestion and bilateral perihilar interstitial opacities.,Uncertain,0
51,chronic irreversible airway obstruction,Uncertain,0
51,confluent airspace opacities identified throughout the right middle and lower lobes.,Uncertain,0
51,costophrenic angle,Uncertain,4
51,dense amorphous calcifications identified along the thoracic wall soft tissue planes.,Uncertain,2
51,diffuse fine reticulonodular opacities distributed throughout both mid and upper lung zones.,Uncertain,1
51,discrete radiopaque biliary calculus projected over the right hepatic shadow.,Unaligned,5
51,expansile lytic lesion noted within the mid portion of the right scapula.,Unaligned,2
51,free intraperitoneal air collection noted tracking along the superior hepatic surface.,Unaligned,3
51,hemopneumothorax,Unaligned,0
51,hemothorax,Unaligned,0
51,large lobulated soft tissue density identified in the left lower lung field.,Unaligned,0
51,layering opacity along the lateral chest wall indicates pleural effusion.,Unaligned,0
51,lucent fracture line extending through the mid shaft of the left humerus.,Unaligned,2
51,multiple small dense pulmonary nodules scattered throughout both lung fields.,Uncertain,0
51,normal midline position of the air filled trachea is maintained throughout the thorax.,Uncertain,0
51,patchy airspace opacification identified in the right mid lung zone suggesting consolidation.,Uncertain,0
51,patchy consolidations with cavitation identified in the right upper lung field.,Unaligned,1
51,prominent tubular opacities noted within the lower lung zones bilaterally.,Uncertain,0
51,pulmonary vascular structures are clearly visible radiating from the bilateral hila.,Uncertain,0
51,radiopaque calculus identified within the right upper quadrant biliary region.,Unaligned,5
51,retrocardiac soft tissue opacity noted within the posterior mediastinum.,Unaligned,3
51,solitary circumscribed mass lesion projecting over the right mid lung zone.,Uncertain,0
51,the costophrenic angles are preserved and show no signs of pleural fluid accumulation.,Uncertain,4
51,the heart ventricles occupy the inferior aspect of the central mediastinal shadow.,Uncertain,0
51,the proximal humerus is visualized within the lateral aspect of the thoracic cage.,Uncertain,2
51,visible pleural air collection accompanied by dependent opacification consistent with a hemopneumothorax.,Unaligned,0
52,a solitary well-defined nodule with central dense calcification is noted.,Uncertain,0
52,atheroscleroses,Uncertain,0
52,calcified granuloma,Uncertain,0
52,calculus in biliary tract (disorder),Uncertain,5
52,cholelithiasis,Uncertain,5
52,chronic irreversible airway obstruction,Uncertain,0
52,dense calcified plaques identified along the margins of the thoracic aorta.,Unaligned,0
52,diminished size of the hilar vessels with overall decreased pulmonary vascularity.,Uncertain,0
52,"disease, forestier's",Uncertain,2
52,enlarged mediastinal lymph nodes causing subtle widening of the paratracheal stripe.,Uncertain,7
52,fibrocystic disease,Uncertain,0
52,"fibroses, pulmonary",Uncertain,0
52,gallstone diseases,Uncertain,5
52,multiple ring shadows and tubular opacities consistent with widespread cystic bronchiectasis.,Uncertain,0
52,oesophageal hiatal hernia,Uncertain,3
52,pneumothorax (disorder),Unaligned,0
52,smooth tracheal walls are identified extending inferiorly toward the level of the carina.,Uncertain,0
52,solitary circumscribed mass lesion projecting over the right mid lung zone.,Uncertain,0
52,the heart ventricles occupy the inferior aspect of the central mediastinal shadow.,Uncertain,0
52,the proximal humerus is visualized within the lateral aspect of the thoracic cage.,Uncertain,2
52,the pulmonary artery segment maintains a normal contour along the left heart border.,Uncertain,0
52,the thoracic aorta maintains a smooth lateral contour along the upper mediastinal stripe.,Aligned,0
52,tortuous thoracic aorta with extensive mural calcification along the aortic knob.,Unaligned,0
52,tracheal structure,Uncertain,0
52,tuberculosis,Uncertain,1
52,tuberculous (qualifier value),Uncertain,1
53,cardiac ventricular morphology contributes to the overall size of the cardiac silhouette.,Uncertain,0
53,cardiomegaly (disorder),Uncertain,0
53,crowding of the pulmonary vascular markings within the affected lung zone.,Uncertain,0
53,cystic fibrosis (disorder),Uncertain,0
53,dense pleural opacity causing obscuration of the underlying pulmonary vascular markings.,Unaligned,0
53,diffuse fine reticulonodular opacities distributed throughout both mid and upper lung zones.,Uncertain,1
53,diminished size of the hilar vessels with overall decreased pulmonary vascularity.,Uncertain,0
53,"disease, forestier's",Uncertain,2
53,"fibroses, pulmonary",Uncertain,0
53,forestiers disease,Uncertain,2
53,large air filled bullae are identified within the apical lung regions.,Unaligned,0
53,lumbar vertebral segments are faintly outlined at the base of the film.,Uncertain,2
53,normal cardiac ventricular contours are visualized along the left heart border profile.,Aligned,0
53,persistent hazy opacity noted within the right upper lobe lung parenchyma.,Unaligned,0
53,"spine, cervical",Uncertain,2
53,the carina is sharp and located at the level of the hilum.,Uncertain,0
53,the pleural surfaces appear smooth and well defined along the lateral chest walls.,Aligned,0
53,the upper abdomen is partially included at the base of the image.,Uncertain,3
53,tortuous thoracic aorta with extensive mural calcification along the aortic knob.,Unaligned,0
53,vertebral columns,Uncertain,2
54,a solitary well-defined rounded opacity is noted within the right upper lobe.,Unaligned,0
54,abnormal separation of the articular surfaces within the acromioclavicular joint.,Uncertain,1
54,bronchiectasis (disorder),Uncertain,0
54,bronchiolitis (disorder),Uncertain,0
54,bullous emphysema,Uncertain,0
54,cervical spines,Uncertain,2
54,cholelithiasis,Uncertain,5
54,chronic irreversible airway obstruction,Uncertain,0
54,coad,Uncertain,0
54,"columns, spinal",Uncertain,2
54,complete disruption of the normal anatomical alignment of the sternoclavicular joint.,Uncertain,1
54,cystic fibrosis,Uncertain,0
54,cystic fibrosis (disorder),Uncertain,0
54,diffuse hyperlucency of the left lung with associated attenuation of peripheral pulmonary vessels.,Uncertain,0
54,diffuse miliary pattern of tiny rounded opacities throughout the pulmonary parenchyma.,Uncertain,0
54,diminished size of the hilar vessels with overall decreased pulmonary vascularity.,Uncertain,0
54,fibrocystic disease,Uncertain,0
54,gallstone diseases,Uncertain,5
54,generalized thinning of the cortical margins of the visualized ribs.,Uncertain,2
54,heart structure (body structure),Uncertain,0
54,miliary lupoid of boeck,Uncertain,1
54,multiple ring shadows and tubular opacities consistent with widespread cystic bronchiectasis.,Uncertain,0
54,normal midline position of the trachea with a well defined tracheal air column.,Aligned,0
54,"sarcoid, boeck's",Uncertain,1
54,"spine, cervical",Uncertain,2
54,the lungs appear well expanded with normal radiolucency throughout both hemithoraces.,Aligned,0
54,tuberculosis,Uncertain,1
55,acute bronchitis (disorder),Uncertain,0
55,arthritides,Uncertain,1
55,bilateral perihilar airspace opacities consistent with pulmonary edema.,Uncertain,0
55,cardiomegaly with prominent pulmonary vascular congestion and bilateral perihilar interstitial opacities.,Uncertain,0
55,chronic irreversible airway obstruction,Uncertain,0
55,confluent airspace opacities identified throughout the right middle and lower lobes.,Uncertain,0
55,dense amorphous calcifications identified along the thoracic wall soft tissue planes.,Uncertain,2
55,diffuse fine reticulonodular opacities distributed throughout both mid and upper lung zones.,Uncertain,1
55,"eventration, diaphragmatic",Uncertain,3
55,free intraperitoneal air collection noted tracking along the superior hepatic surface.,Unaligned,3
55,gas filled structure noted superior to the left hemidiaphragm.,Unaligned,3
55,gas shadows are noted within the upper abdomen beneath the hemidiaphragms.,Unaligned,3
55,heart atria,Uncertain,0
55,hemothorax,Unaligned,0
55,increased density obscuring the hemidiaphragm consistent with a significant pleural collection.,Uncertain,0
55,increased retrosternal lucency with posterior bowing of the sternal body on lateral view.,Uncertain,2
55,lower thoracic and upper lumbar vertebrae are identified on the lateral view.,Uncertain,2
55,normal midline position of the trachea with a well defined tracheal air column.,Aligned,0
55,pericardial effusion,Uncertain,0
55,radiolucent epicardial adipose tissue visible along the lower anterior heart border.,Uncertain,6
55,radiolucent gas collection identified between the liver dome and the diaphragm.,Unaligned,3
55,retrocardiac soft tissue opacity noted within the posterior mediastinum.,Unaligned,3
55,"spine, cervical",Aligned,2
55,subdiaphragmatic lucency consistent with free air within the peritoneal cavity.,Unaligned,3
55,the proximal humerus is visualized within the lateral aspect of the thoracic cage.,Uncertain,2
55,the shoulder region demonstrates normal osseous alignment and intact cortical margins.,Uncertain,2
55,the upper abdomen is partially included at the base of the image.,Uncertain,3
55,there is a noticeable shift of the mediastinum toward the contralateral side.,Unaligned,0
55,visible pleural air collection accompanied by dependent opacification consistent with a hemopneumothorax.,Unaligned,0
55,well-defined costophrenic sulcus with normal contour and sharp margins.,Uncertain,4
56,a solitary well-defined nodule with central dense calcification is noted.,Uncertain,0
56,"bone, broken",Unaligned,2
56,cardiac insufficiency,Uncertain,0
56,cardiac ventricular morphology contributes to the overall size of the cardiac silhouette.,Uncertain,0
56,coad,Uncertain,0
56,"columns, spinal",Aligned,2
56,complete disruption of the normal anatomical alignment of the sternoclavicular joint.,Unaligned,1
56,costophrenic angle,Uncertain,4
56,dense amorphous calcifications identified along the thoracic wall soft tissue planes.,Uncertain,2
56,dense calcified plaques identified along the margins of the thoracic aorta.,Unaligned,0
56,diminished size of the hilar vessels with overall decreased pulmonary vascularity.,Uncertain,0
56,"disease, forestier's",Uncertain,2
56,expansile lytic lesion noted within the mid portion of the right scapula.,Unaligned,2
56,"fibroses, pulmonary",Uncertain,0
56,gallstone disease,Uncertain,5
56,kyphosis,Uncertain,2
56,localized dome shaped elevation of the hemidiaphragm contour on the frontal view.,Uncertain,3
56,multiple ring shadows and tubular opacities consistent with widespread cystic bronchiectasis.,Uncertain,0
56,radiopaque calculus identified within the right upper quadrant biliary region.,Unaligned,5
56,small focal nodular density identified in the left lower lung field.,Uncertain,0
56,sternal prominence projecting anteriorly beyond the normal thoracic cage margin.,Unaligned,2
56,tracheal structure,Uncertain,0
56,well-defined costophrenic sulcus with normal contour and sharp margins.,Aligned,4
57,acute bronchitis (disorder),Uncertain,0
57,atheroscleroses,Uncertain,0
57,bronchiectasis (disorder),Uncertain,0
57,bronchiolitis (disorder),Uncertain,0
57,cardiac ventricular morphology contributes to the overall size of the cardiac silhouette.,Uncertain,0
57,chronic irreversible airway obstruction,Uncertain,0
57,confluent airspace opacification present within the left lower lobe segment.,Uncertain,0
57,crowding of the pulmonary vascular markings within the affected lung zone.,Uncertain,0
57,diffuse bilateral peribronchial thickening with prominent central bronchiectasis throughout both lungs.,Uncertain,0
57,gas shadows are noted within the upper abdomen beneath the hemidiaphragms.,Uncertain,3
57,"hernia, hiatus",Uncertain,3
57,increased retrosternal clear space observed due to anterior sternal bowing.,Uncertain,2
57,large air filled bullae are identified within the apical lung regions.,Uncertain,0
57,multiple ring shadows and tubular opacities consistent with widespread cystic bronchiectasis.,Uncertain,0
57,patchy airspace opacification identified in the right mid lung zone suggesting consolidation.,Uncertain,0
57,patchy consolidations with cavitation identified in the right upper lung field.,Unaligned,1
57,patchy opacification identified throughout the mid to lower zones of the lung.,Uncertain,0
57,pulmonary cicatrix,Uncertain,0
57,pulmonary vascular structures are clearly visible radiating from the bilateral hila.,Uncertain,0
57,retrocardiac soft tissue opacity noted within the posterior mediastinum.,Unaligned,3
57,single focal pulmonary nodule noted within the peripheral lung parenchyma.,Uncertain,0
57,the carina is sharp and located at the level of the hilum.,Unaligned,0
57,the left atrial appendage is located along the mid left heart border.,Uncertain,0
57,the lungs appear well expanded with normal radiolucency throughout both hemithoraces.,Uncertain,0
57,the pulmonary artery segment maintains a normal contour along the left heart border.,Uncertain,0
57,tuberculous,Uncertain,1
57,unexpanded lung,Uncertain,0
57,vertebral columns,Uncertain,2
57,visible pleural air collection accompanied by dependent opacification consistent with a hemopneumothorax.,Unaligned,0
57,visualized thoracic skeletal deformity with abnormal configuration of the bony thorax.,Uncertain,2
58,besnier boeck disease,Uncertain,1
58,bronchiectasis (disorder),Uncertain,0
58,cardiac ventricular morphology contributes to the overall size of the cardiac silhouette.,Uncertain,0
58,chronic irreversible airway obstruction,Uncertain,0
58,confluent airspace opacities identified throughout the right middle and lower lobes.,Uncertain,0
58,costophrenic angle,Uncertain,4
58,dense calcified plaques identified along the margins of the thoracic aorta.,Unaligned,0
58,diffuse bilateral peribronchial thickening with prominent central bronchiectasis throughout both lungs.,Uncertain,0
58,discrete radiopaque biliary calculus projected over the right hepatic shadow.,Uncertain,5
58,enlarged mediastinal lymph nodes causing subtle widening of the paratracheal stripe.,Uncertain,7
58,expansile lytic lesion noted within the mid portion of the right scapula.,Unaligned,2
58,free intraperitoneal air collection noted tracking along the superior hepatic surface.,Unaligned,3
58,"hernia, hiatus",Aligned,3
58,increased posterior curvature of the thoracic spine is noted on the lateral view.,Uncertain,2
58,kyphosis,Uncertain,2
58,large air filled bullae are identified within the apical lung regions.,Uncertain,0
58,large lobulated soft tissue density identified in the left lower lung field.,Uncertain,0
58,localized dome shaped elevation of the hemidiaphragm contour on the frontal view.,Uncertain,3
58,lucent fracture line extending through the mid shaft of the left humerus.,Unaligned,2
58,marked thoracic skeletal deformity with altered contour of the bony chest wall.,Uncertain,2
58,obliteration of the costophrenic sulcus consistent with pleural fluid collection.,Uncertain,0
58,patchy opacification identified throughout the mid to lower zones of the lung.,Uncertain,0
58,radiopaque calculus identified within the right upper quadrant biliary region.,Unaligned,5
58,single focal pulmonary nodule noted within the peripheral lung parenchyma.,Uncertain,0
58,small focal nodular density identified in the left lower lung field.,Uncertain,0
58,solitary circumscribed mass lesion projecting over the right mid lung zone.,Uncertain,0
58,the left atrial appendage is located along the mid left heart border.,Uncertain,0
58,the pleural surfaces appear smooth and well defined along the lateral chest walls.,Uncertain,0
58,the pulmonary artery segment maintains a normal contour along the left heart border.,Uncertain,0
58,the pulmonary artery trunk demonstrates normal caliber and smooth lateral mediastinal margins.,Uncertain,0
58,unexpanded lung,Uncertain,0
58,vertebral columns,Uncertain,2
59,acute bronchitis (disorder),Uncertain,0
59,chronic irreversible airway obstruction,Unaligned,0
59,"columns, spinal",Uncertain,2
59,complete disruption of the normal anatomical alignment of the sternoclavicular joint.,Unaligned,1
59,confluent airspace opacification present within the left lower lobe segment.,Unaligned,0
59,cystic fibrosis,Uncertain,0
59,cystic fibrosis (disorder),Uncertain,0
59,dense consolidation obscuring the normal vascular markings in the left lower lung.,Unaligned,0
59,dense pleural opacity causing obscuration of the underlying pulmonary vascular markings.,Unaligned,0
59,diminished size of the hilar vessels with overall decreased pulmonary vascularity.,Uncertain,0
59,gas filled structure noted superior to the left hemidiaphragm.,Unaligned,3
59,globular heart shape suggesting an increase in the pericardial space.,Unaligned,0
59,heart structure (body structure),Aligned,0
59,localized upward displacement of the hemidiaphragm contour without associated mass effect.,Uncertain,3
59,retrocardiac soft tissue opacity noted within the posterior mediastinum.,Unaligned,3
59,"spine, cervical",Uncertain,2
59,structure of yellow fat,Uncertain,6
59,the carina is sharp and located at the level of the hilum.,Unaligned,0
59,the thoracic aorta maintains a smooth lateral contour along the upper mediastinal stripe.,Unaligned,0
59,tortuous thoracic aorta with extensive mural calcification along the aortic knob.,Unaligned,0
59,tuberculous (qualifier value),Unaligned,1
60,abnormal separation of the articular surfaces within the acromioclavicular joint.,Uncertain,1
60,besnier boeck disease,Uncertain,1
60,bilateral perihilar airspace opacities consistent with pulmonary edema.,Uncertain,0
60,bullous emphysema,Uncertain,0
60,calcified granuloma,Uncertain,0
60,calculus in biliary tract,Uncertain,5
60,chronic irreversible airway obstruction,Uncertain,0
60,complete disruption of the normal anatomical alignment of the sternoclavicular joint.,Unaligned,1
60,confluent airspace opacities identified throughout the right middle and lower lobes.,Uncertain,0
60,crowding of the pulmonary vascular markings within the affected lung zone.,Uncertain,0
60,dense amorphous calcifications identified along the thoracic wall soft tissue planes.,Uncertain,2
60,dense pleural opacity causing obscuration of the underlying pulmonary vascular markings.,Uncertain,0
60,diffuse miliary pattern of tiny rounded opacities throughout the pulmonary parenchyma.,Uncertain,0
60,diminished size of the hilar vessels with overall decreased pulmonary vascularity.,Uncertain,0
60,forestiers disease,Uncertain,2
60,layering opacity along the lateral chest wall indicates pleural effusion.,Unaligned,0
60,multiple small gas lucencies identified throughout the subcutaneous soft tissues of chest.,Unaligned,0
60,patchy consolidations with cavitation identified in the right upper lung field.,Unaligned,1
60,persistent hazy opacity noted within the right upper lobe lung parenchyma.,Uncertain,0
60,pulmonary vascular structures are clearly visible radiating from the bilateral hila.,Uncertain,0
60,radiolucent epicardial adipose tissue visible along the lower anterior heart border.,Uncertain,6
60,shoulder,Uncertain,2
60,small focal nodular density identified in the left lower lung field.,Uncertain,0
60,"spine, cervical",Uncertain,2
60,subdiaphragmatic lucency consistent with free air within the peritoneal cavity.,Unaligned,3
60,tracheal structure,Aligned,0
60,visible pleural air collection accompanied by dependent opacification consistent with a hemopneumothorax.,Unaligned,0
60,visualized proximal humerus demonstrates normal trabecular pattern and smooth cortical bone surfaces.,Uncertain,2
60,well-defined costophrenic sulcus with normal contour and sharp margins.,Aligned,4
61,acute bronchitis (disorder),Uncertain,0
61,acute tracheobronchitis (disorder),Uncertain,0
61,atheroscleroses,Uncertain,0
61,bilateral hilar lymphadenopathy with prominent right paratracheal nodal enlargement is noted.,Uncertain,1
61,bilateral perihilar airspace opacities consistent with pulmonary edema.,Uncertain,0
61,bullous emphysema,Aligned,0
61,cardiac insufficiency,Uncertain,0
61,confluent airspace opacities identified throughout the right middle and lower lobes.,Uncertain,0
61,crowding of the pulmonary vascular markings within the affected lung zone.,Uncertain,0
61,diminished size of the hilar vessels with overall decreased pulmonary vascularity.,Uncertain,0
61,"disease, forestier's",Uncertain,2
61,extraskeletal calcification,Uncertain,2
61,"fibroses, pulmonary",Uncertain,0
61,humeri,Uncertain,2
61,keeled chest,Aligned,2
61,large air filled bullae are identified within the apical lung regions.,Unaligned,0
61,localized upward displacement of the hemidiaphragm contour without associated mass effect.,Uncertain,3
61,lucent fat density noted along the inferior cardiac border on lateral view.,Uncertain,6
61,radiolucent gas collection identified between the liver dome and the diaphragm.,Uncertain,3
61,"sarcoid, boeck's",Uncertain,1
61,single focal pulmonary nodule noted within the peripheral lung parenchyma.,Uncertain,0
61,small focal nodular density identified in the left lower lung field.,Uncertain,0
61,solitary circumscribed mass lesion projecting over the right mid lung zone.,Uncertain,0
61,"spine, cervical",Aligned,2
61,the cervical spine demonstrates normal alignment and intact bony cortical margins throughout.,Uncertain,2
61,the left atrial appendage is located along the mid left heart border.,Uncertain,0
61,visible pleural air collection accompanied by dependent opacification consistent with a hemopneumothorax.,Unaligned,0
61,well-defined costophrenic sulcus with normal contour and sharp margins.,Uncertain,4
62,bilateral perihilar airspace opacities consistent with pulmonary edema.,Uncertain,0
62,calculus in biliary tract,Unaligned,5
62,cardiac ventricular morphology contributes to the overall size of the cardiac silhouette.,Uncertain,0
62,cardiomegaly (disorder),Unaligned,0
62,"columns, spinal",Unaligned,2
62,confluent airspace opacities identified throughout the right middle and lower lobes.,Unaligned,0
62,dense calcified plaques identified along the margins of the thoracic aorta.,Unaligned,0
62,dense consolidation obscuring the normal vascular markings in the left lower lung.,Unaligned,0
62,dense pleural opacity causing obscuration of the underlying pulmonary vascular markings.,Unaligned,0
62,diffuse miliary pattern of tiny rounded opacities throughout the pulmonary parenchyma.,Uncertain,0
62,diminished size of the hilar vessels with overall decreased pulmonary vascularity.,Uncertain,0
62,expansile lytic lesion noted within the mid portion of the right scapula.,Unaligned,2
62,gas filled structure noted superior to the left hemidiaphragm.,Unaligned,3
62,increased retrosternal lucency with posterior bowing of the sternal body on lateral view.,Unaligned,2
62,pericardial effusion,Unaligned,0
62,pulmonary vascular structures are clearly visible radiating from the bilateral hila.,Uncertain,0
62,small focal nodular density identified in the left lower lung field.,Uncertain,0
62,the cervical spine demonstrates normal alignment and intact bony cortical margins throughout.,Unaligned,2
62,the shoulder region demonstrates normal osseous alignment and intact cortical margins.,Unaligned,2
62,the thoracic spine shows an accentuated posterior curve on the lateral chest view.,Unaligned,2
62,the upper abdomen is partially included at the base of the image.,Uncertain,3
62,tracheal structure,Unaligned,0
62,visualized thoracic skeletal deformity with abnormal configuration of the bony thorax.,Unaligned,2
62,well-defined costophrenic sulcus with normal contour and sharp margins.,Unaligned,4
63,acute bronchitis (disorder),Uncertain,0
63,atheroscleroses,Uncertain,0
63,calculus in biliary tract,Uncertain,5
63,cardiac insufficiency,Uncertain,0
63,chronic irreversible airway obstruction,Uncertain,0
63,complete disruption of the normal anatomical alignment of the sternoclavicular joint.,Unaligned,1
63,cystic fibrosis (disorder),Uncertain,0
63,diminished size of the hilar vessels with overall decreased pulmonary vascularity.,Uncertain,0
63,"disease, forestier's",Uncertain,2
63,forestiers disease,Uncertain,2
63,gallstone diseases,Uncertain,5
63,increased prominence of bronchovascular markings with bilateral hazy opacities.,Uncertain,0
63,layering opacity along the lateral chest wall indicates pleural effusion.,Uncertain,0
63,miliary lupoid of boeck,Uncertain,1
63,multiple avascular lucent spaces are present throughout the upper pulmonary lobes.,Uncertain,0
63,multiple small gas lucencies identified throughout the subcutaneous soft tissues of chest.,Uncertain,0
63,patchy consolidations with cavitation identified in the right upper lung field.,Unaligned,1
63,persistent hazy opacity noted within the right upper lobe lung parenchyma.,Uncertain,0
63,pleural effusions,Aligned,0
63,single focal pulmonary nodule noted within the peripheral lung parenchyma.,Uncertain,0
63,small focal nodular density identified in the left lower lung field.,Uncertain,0
64,bronchiectasis (disorder),Uncertain,0
64,bronchiolitis (disorder),Uncertain,0
64,complete disruption of the normal anatomical alignment of the sternoclavicular joint.,Unaligned,1
64,crowding of the pulmonary vascular markings within the affected lung zone.,Uncertain,0
64,expansile lytic lesion noted within the mid portion of the right scapula.,Unaligned,2
64,focal pulmonary opacity with smooth margins located in the left upper lobe.,Uncertain,0
64,gallstone diseases,Uncertain,5
64,large lobulated soft tissue density identified in the left lower lung field.,Unaligned,0
64,linear scarring and calcified granulomas present in the upper lung zones.,Uncertain,1
64,marked thoracic skeletal deformity with altered contour of the bony chest wall.,Uncertain,2
64,multiple ring shadows and tubular opacities consistent with widespread cystic bronchiectasis.,Uncertain,0
64,pulmonary vascular structures are clearly visible radiating from the bilateral hila.,Uncertain,0
64,single focal pulmonary nodule noted within the peripheral lung parenchyma.,Uncertain,0
64,small focal nodular density identified in the left lower lung field.,Uncertain,0
64,solitary circumscribed mass lesion projecting over the right mid lung zone.,Uncertain,0
64,the cervical spine demonstrates normal alignment and intact bony cortical margins throughout.,Aligned,2
64,the costophrenic angles are preserved and show no signs of pleural fluid accumulation.,Aligned,4
64,the pleural surfaces appear smooth and well defined along the lateral chest walls.,Aligned,0
64,the pulmonary artery segment maintains a normal contour along the left heart border.,Uncertain,0
64,the pulmonary artery trunk demonstrates normal caliber and smooth lateral mediastinal margins.,Unaligned,0
64,the thoracic spine shows an accentuated posterior curve on the lateral chest view.,Unaligned,2
64,visualized thoracic skeletal deformity with abnormal configuration of the bony thorax.,Uncertain,2
65,bronchiolitis (disorder),Uncertain,0
65,cardiac ventricular morphology contributes to the overall size of the cardiac silhouette.,Uncertain,0
65,dense amorphous calcifications identified along the thoracic wall soft tissue planes.,Uncertain,2
65,diffuse bilateral peribronchial thickening with prominent central bronchiectasis throughout both lungs.,Uncertain,0
65,discrete radiopaque biliary calculus projected over the right hepatic shadow.,Unaligned,5
65,enlarged mediastinal lymph nodes causing subtle widening of the paratracheal stripe.,Uncertain,7
65,expansile lytic lesion noted within the mid portion of the right scapula.,Unaligned,2
65,gallstone diseases,Uncertain,5
65,globular heart shape suggesting an increase in the pericardial space.,Uncertain,0
65,heart structure (body structure),Aligned,0
65,"hernia, hiatus",Unaligned,3
65,increased retrosternal lucency with posterior bowing of the sternal body on lateral view.,Uncertain,2
65,localized expansile lucency with thin sclerotic margins identified in the clavicular head.,Uncertain,2
65,lower thoracic and upper lumbar vertebrae are identified on the lateral view.,Unaligned,2
65,pericardial effusion,Uncertain,0
65,pigeon breast,Aligned,2
65,pulmonary cicatrix,Uncertain,0
65,radiopaque calculus identified within the right upper quadrant biliary region.,Unaligned,5
65,"spine, cervical",Uncertain,2
65,the cervical spine demonstrates normal alignment and intact bony cortical margins throughout.,Unaligned,2
65,the heart ventricles occupy the inferior aspect of the central mediastinal shadow.,Uncertain,0
65,the pleural surfaces appear smooth and well defined along the lateral chest walls.,Uncertain,0
65,the proximal humerus is visualized within the lateral aspect of the thoracic cage.,Uncertain,2
65,the shoulder region demonstrates normal osseous alignment and intact cortical margins.,Uncertain,2
65,tuberculosis,Uncertain,1
65,visualized thoracic skeletal deformity with abnormal configuration of the bony thorax.,Uncertain,2
66,a solitary well-defined nodule with central dense calcification is noted.,Uncertain,0
66,besnier boeck disease,Uncertain,1
66,bilateral diaphragmatic domes are smooth with sharp costophrenic angles on frontal view.,Aligned,3
66,bronchiectasis (disorder),Uncertain,0
66,chronic irreversible airway obstruction,Uncertain,0
66,costophrenic angle,Aligned,4
66,crowding of the pulmonary vascular markings within the affected lung zone.,Uncertain,0
66,dense amorphous calcifications identified along the thoracic wall soft tissue planes.,Aligned,2
66,dense calcified plaques identified along the margins of the thoracic aorta.,Unaligned,0
66,dense pleural opacity causing obscuration of the underlying pulmonary vascular markings.,Unaligned,0
66,diffuse bilateral peribronchial thickening with prominent central bronchiectasis throughout both lungs.,Uncertain,0
66,expansile lytic lesion noted within the mid portion of the right scapula.,Unaligned,2
66,focal pulmonary opacity with smooth margins located in the left upper lobe.,Uncertain,0
66,forestiers disease,Uncertain,2
66,keeled chest,Aligned,2
66,multiple avascular lucent spaces are present throughout the upper pulmonary lobes.,Uncertain,0
66,multiple ring shadows and tubular opacities consistent with widespread cystic bronchiectasis.,Uncertain,0
66,multiple small dense pulmonary nodules scattered throughout both lung fields.,Uncertain,0
66,normal aortic arch shadow is visualized along the superior mediastinal border.,Unaligned,0
66,patchy opacification identified throughout the mid to lower zones of the lung.,Uncertain,0
66,"sarcoid, boeck's",Uncertain,1
66,single focal pulmonary nodule noted within the peripheral lung parenchyma.,Uncertain,0
66,small focal nodular density identified in the left lower lung field.,Uncertain,0
66,smooth tracheal walls are identified extending inferiorly toward the level of the carina.,Uncertain,0
66,solitary circumscribed mass lesion projecting over the right mid lung zone.,Aligned,0
66,the cervical spine demonstrates normal alignment and intact bony cortical margins throughout.,Aligned,2
66,the heart ventricles occupy the inferior aspect of the central mediastinal shadow.,Uncertain,0
66,the thoracic spine shows an accentuated posterior curve on the lateral chest view.,Aligned,2
66,unexpanded lung,Uncertain,0
66,vertebral columns,Aligned,2
67,calcified granuloma,Uncertain,0
67,calculus in biliary tract,Uncertain,5
67,cardiac insufficiency,Uncertain,0
67,cardiomegaly with prominent pulmonary vascular congestion and bilateral perihilar interstitial opacities.,Uncertain,0
67,cervical spines,Uncertain,2
67,dense calcified plaques identified along the margins of the thoracic aorta.,Unaligned,0
67,diffuse bilateral peribronchial thickening with prominent central bronchiectasis throughout both lungs.,Uncertain,0
67,diminished size of the hilar vessels with overall decreased pulmonary vascularity.,Uncertain,0
67,focal pulmonary opacity with smooth margins located in the left upper lobe.,Unaligned,0
67,gallstone diseases,Uncertain,5
67,generalized thinning of the cortical margins of the visualized ribs.,Unaligned,2
67,increased posterior curvature of the thoracic spine is noted on the lateral view.,Unaligned,2
67,linear scarring and calcified granulomas present in the upper lung zones.,Uncertain,1
67,localized dome shaped elevation of the hemidiaphragm contour on the frontal view.,Uncertain,3
67,miliary lupoid of boeck,Uncertain,1
67,multiple avascular lucent spaces are present throughout the upper pulmonary lobes.,Uncertain,0
67,multiple ring shadows and tubular opacities consistent with widespread cystic bronchiectasis.,Uncertain,0
67,pulmonary cicatrix,Uncertain,0
67,smooth tracheal walls are identified extending inferiorly toward the level of the carina.,Uncertain,0
67,solitary circumscribed mass lesion projecting over the right mid lung zone.,Unaligned,0
67,the cervical spine demonstrates normal alignment and intact bony cortical margins throughout.,Unaligned,2
67,the costophrenic angles are preserved and show no signs of pleural fluid accumulation.,Aligned,4
67,the heart ventricles occupy the inferior aspect of the central mediastinal shadow.,Unaligned,0
67,the left atrial appendage is located along the mid left heart border.,Uncertain,0
67,tuberculosis,Uncertain,1
68,abnormal separation of the articular surfaces within the acromioclavicular joint.,Uncertain,1
68,acute bronchitis (disorder),Uncertain,0
68,atheroscleroses,Uncertain,0
68,cardiac ventricular morphology contributes to the overall size of the cardiac silhouette.,Uncertain,0
68,cardiomegaly with prominent pulmonary vascular congestion and bilateral perihilar interstitial opacities.,Uncertain,0
68,cervical spines,Uncertain,2
68,complete disruption of the normal anatomical alignment of the sternoclavicular joint.,Unaligned,1
68,cystic fibrosis (disorder),Uncertain,0
68,diminished size of the hilar vessels with overall decreased pulmonary vascularity.,Uncertain,0
68,"disease, forestier's",Aligned,2
68,extraskeletal calcification,Uncertain,2
68,fibrocystic disease,Uncertain,0
68,generalized thinning of the cortical margins of the visualized ribs.,Uncertain,2
68,miliary lupoid of boeck,Aligned,1
68,multiple ring shadows and tubular opacities consistent with widespread cystic bronchiectasis.,Uncertain,0
68,normal midline position of the trachea with a well defined tracheal air column.,Aligned,0
68,pulmonary cicatrix,Aligned,0
68,pulmonary vascular structures are clearly visible radiating from the bilateral hila.,Uncertain,0
68,the thoracic aorta maintains a smooth lateral contour along the upper mediastinal stripe.,Unaligned,0
68,tortuous thoracic aorta with extensive mural calcification along the aortic knob.,Unaligned,0
68,tuberculosis,Uncertain,1
68,tuberculous (qualifier value),Aligned,1
69,atheroscleroses,Uncertain,0
69,cardiac ventricular morphology contributes to the overall size of the cardiac silhouette.,Uncertain,0
69,cardiomegaly (disorder),Uncertain,0
69,cardiomegaly with prominent pulmonary vascular congestion and bilateral perihilar interstitial opacities.,Uncertain,0
69,cervical spines,Uncertain,2
69,"column, vertebral",Unaligned,2
69,costophrenic angle,Uncertain,4
69,"disease, forestier's",Uncertain,2
69,enlarged cardiac silhouette associated with diffuse bilateral pulmonary venous hypertension and edema.,Uncertain,0
69,gallstone disease,Uncertain,5
69,gallstone diseases,Uncertain,5
69,globular heart shape suggesting an increase in the pericardial space.,Uncertain,0
69,layering opacity along the lateral chest wall indicates pleural effusion.,Unaligned,0
69,lucent fracture line extending through the mid shaft of the left humerus.,Unaligned,2
69,normal midline position of the air filled trachea is maintained throughout the thorax.,Uncertain,0
69,pericardial effusion,Uncertain,0
69,pneumothorax (disorder),Unaligned,0
69,the heart ventricles occupy the inferior aspect of the central mediastinal shadow.,Unaligned,0
69,the left atrial appendage is located along the mid left heart border.,Uncertain,0
69,the lungs appear well expanded with normal radiolucency throughout both hemithoraces.,Uncertain,0
69,the proximal humerus is visualized within the lateral aspect of the thoracic cage.,Uncertain,2
69,the thoracic aorta maintains a smooth lateral contour along the upper mediastinal stripe.,Unaligned,0
69,thoracic aorta appears as a well defined tubular structure within the superior mediastinum.,Unaligned,0
69,vertebral columns,Uncertain,2
70,acute bronchitis (disorder),Uncertain,0
70,bronchiectasis (disorder),Uncertain,0
70,bronchiolitis (disorder),Uncertain,0
70,cardiomegaly (disorder),Uncertain,0
70,cardiomegaly with prominent pulmonary vascular congestion and bilateral perihilar interstitial opacities.,Uncertain,0
70,complete disruption of the normal anatomical alignment of the sternoclavicular joint.,Unaligned,1
70,crowding of the pulmonary vascular markings within the affected lung zone.,Uncertain,0
70,dense pleural opacity causing obscuration of the underlying pulmonary vascular markings.,Unaligned,0
70,diffuse fine reticulonodular opacities distributed throughout both mid and upper lung zones.,Uncertain,1
70,"disease, forestier's",Uncertain,2
70,increased retrosternal lucency with posterior bowing of the sternal body on lateral view.,Uncertain,2
70,large air filled bullae are identified within the apical lung regions.,Unaligned,0
70,linear scarring and calcified granulomas present in the upper lung zones.,Uncertain,1
70,miliary lupoid of boeck,Uncertain,1
70,normal aortic arch shadow is visualized along the superior mediastinal border.,Unaligned,0
70,persistent hazy opacity noted within the right upper lobe lung parenchyma.,Uncertain,0
70,radiolucent gas collection identified between the liver dome and the diaphragm.,Unaligned,3
70,"sarcoid, boeck's",Uncertain,1
70,"spine, cervical",Uncertain,2
70,the pleural surfaces appear smooth and well defined along the lateral chest walls.,Aligned,0
70,tortuous thoracic aorta with extensive mural calcification along the aortic knob.,Unaligned,0
70,unexpanded lung,Uncertain,0
70,well-defined costophrenic sulcus with normal contour and sharp margins.,Aligned,4
71,cardiac ventricular morphology contributes to the overall size of the cardiac silhouette.,Uncertain,0
71,cardiomegaly with prominent pulmonary vascular congestion and bilateral perihilar interstitial opacities.,Uncertain,0
71,diffuse miliary pattern of tiny rounded opacities throughout the pulmonary parenchyma.,Uncertain,0
71,discrete radiopaque biliary calculus projected over the right hepatic shadow.,Unaligned,5
71,enlarged cardiac silhouette associated with diffuse bilateral pulmonary venous hypertension and edema.,Unaligned,0
71,free intraperitoneal air collection noted tracking along the superior hepatic surface.,Unaligned,3
71,gallstone diseases,Uncertain,5
71,gas shadows are noted within the upper abdomen beneath the hemidiaphragms.,Uncertain,3
71,globular heart shape suggesting an increase in the pericardial space.,Unaligned,0
71,heart structure (body structure),Aligned,0
71,hemopneumothorax,Unaligned,0
71,increased density obscuring the hemidiaphragm consistent with a significant pleural collection.,Uncertain,0
71,large lobulated soft tissue density identified in the left lower lung field.,Unaligned,0
71,layering opacity along the lateral chest wall indicates pleural effusion.,Unaligned,0
71,obliteration of the costophrenic sulcus consistent with pleural fluid collection.,Unaligned,0
71,pericardial effusion,Unaligned,0
71,pneumothorax (disorder),Unaligned,0
71,radiolucent gas collection identified between the liver dome and the diaphragm.,Unaligned,3
71,the costophrenic angles are preserved and show no signs of pleural fluid accumulation.,Uncertain,4
71,the diaphragm maintains a smooth arcuate contour across the lower thoracic cavity.,Uncertain,3
71,the heart ventricles occupy the inferior aspect of the central mediastinal shadow.,Unaligned,0
71,the pleural surfaces appear smooth and well defined along the lateral chest walls.,Uncertain,0
71,the proximal humerus is visualized within the lateral aspect of the thoracic cage.,Unaligned,2
71,the thoracic aorta maintains a smooth lateral contour along the upper mediastinal stripe.,Unaligned,0
71,thoracic aorta appears as a well defined tubular structure within the superior mediastinum.,Unaligned,0
71,visualized thoracic skeletal deformity with abnormal configuration of the bony thorax.,Uncertain,2
72,abnormal separation of the articular surfaces within the acromioclavicular joint.,Uncertain,1
72,bilateral perihilar airspace opacities consistent with pulmonary edema.,Uncertain,0
72,cardiomegaly with prominent pulmonary vascular congestion and bilateral perihilar interstitial opacities.,Uncertain,0
72,chronic irreversible airway obstruction,Uncertain,0
72,coad,Uncertain,0
72,confluent airspace opacities identified throughout the right middle and lower lobes.,Uncertain,0
72,continuous bony bridging spanning multiple contiguous thoracic vertebral segments.,Uncertain,2
72,dense amorphous calcifications identified along the thoracic wall soft tissue planes.,Uncertain,2
72,dense calcified plaques identified along the margins of the thoracic aorta.,Unaligned,0
72,dense consolidation obscuring the normal vascular markings in the left lower lung.,Uncertain,0
72,diffuse miliary pattern of tiny rounded opacities throughout the pulmonary parenchyma.,Uncertain,0
72,diminished size of the hilar vessels with overall decreased pulmonary vascularity.,Uncertain,0
72,"disease, forestier's",Uncertain,2
72,"eventration, diaphragmatic",Uncertain,3
72,fibrocystic disease,Uncertain,0
72,heart atria,Uncertain,0
72,linear lucencies tracking along the subcutaneous soft tissues of the chest wall.,Uncertain,0
72,lupus pernio of besnier,Uncertain,1
72,multiple avascular lucent spaces are present throughout the upper pulmonary lobes.,Uncertain,0
72,multiple ring shadows and tubular opacities consistent with widespread cystic bronchiectasis.,Uncertain,0
72,patchy consolidations with cavitation identified in the right upper lung field.,Uncertain,1
72,pleural effusions,Uncertain,0
72,pulmonary vascular structures are clearly visible radiating from the bilateral hila.,Uncertain,0
72,solitary circumscribed mass lesion projecting over the right mid lung zone.,Uncertain,0
72,sternal prominence projecting anteriorly beyond the normal thoracic cage margin.,Uncertain,2
72,the costophrenic angles are preserved and show no signs of pleural fluid accumulation.,Uncertain,4
72,the left atrial appendage is located along the mid left heart border.,Uncertain,0
72,the tracheal bifurcation is clearly visualized with a sharp carinal angle.,Uncertain,0
72,tortuous thoracic aorta with extensive mural calcification along the aortic knob.,Unaligned,0
72,tracheal structure,Uncertain,0
72,tuberculosis,Uncertain,1
73,bone structure of humerus (body structure),Uncertain,2
73,cardiac ventricular morphology contributes to the overall size of the cardiac silhouette.,Uncertain,0
73,cardiomegaly with prominent pulmonary vascular congestion and bilateral perihilar interstitial opacities.,Uncertain,0
73,cholelithiasis,Uncertain,5
73,dense amorphous calcifications identified along the thoracic wall soft tissue planes.,Uncertain,2
73,dense calcified plaques identified along the margins of the thoracic aorta.,Unaligned,0
73,diffuse bilateral peribronchial thickening with prominent central bronchiectasis throughout both lungs.,Uncertain,0
73,diffuse fine reticulonodular opacities distributed throughout both mid and upper lung zones.,Uncertain,1
73,discrete radiopaque biliary calculus projected over the right hepatic shadow.,Unaligned,5
73,expansile lytic lesion noted within the mid portion of the right scapula.,Unaligned,2
73,focal area of increased density identified in the left mid lung zone.,Uncertain,0
73,"hernia, hiatus",Unaligned,3
73,increased prominence of bronchovascular markings with bilateral hazy opacities.,Uncertain,0
73,increased retrosternal lucency with posterior bowing of the sternal body on lateral view.,Unaligned,2
73,large lobulated soft tissue density identified in the left lower lung field.,Unaligned,0
73,linear scarring and calcified granulomas present in the upper lung zones.,Uncertain,1
73,lymphatic gland,Uncertain,7
73,miliary lupoid of boeck,Aligned,1
73,multiple ring shadows and tubular opacities consistent with widespread cystic bronchiectasis.,Uncertain,0
73,pulmonary cicatrix,Aligned,0
73,retrocardiac soft tissue opacity noted within the posterior mediastinum.,Unaligned,3
73,single focal pulmonary nodule noted within the peripheral lung parenchyma.,Uncertain,0
73,solitary circumscribed mass lesion projecting over the right mid lung zone.,Unaligned,0
73,the pleural surfaces appear smooth and well defined along the lateral chest walls.,Aligned,0
73,the proximal humerus is visualized within the lateral aspect of the thoracic cage.,Unaligned,2
73,the pulmonary artery trunk demonstrates normal caliber and smooth lateral mediastinal margins.,Unaligned,0
73,the thoracic aorta maintains a smooth lateral contour along the upper mediastinal stripe.,Unaligned,0
73,tuberculosis,Uncertain,1
73,unexpanded lung,Uncertain,0
73,visible pleural air collection accompanied by dependent opacification consistent with a hemopneumothorax.,Unaligned,0
73,visualized thoracic skeletal deformity with abnormal configuration of the bony thorax.,Unaligned,2
73,well-defined costophrenic sulcus with normal contour and sharp margins.,Aligned,4
74,abnormal separation of the articular surfaces within the acromioclavicular joint.,Uncertain,1
74,bilateral hilar lymphadenopathy with prominent right paratracheal nodal enlargement is noted.,Unaligned,1
74,bilateral perihilar airspace opacities consistent with pulmonary edema.,Uncertain,0
74,cardiac ventricular morphology contributes to the overall size of the cardiac silhouette.,Uncertain,0
74,chronic irreversible airway obstruction,Uncertain,0
74,complete disruption of the normal anatomical alignment of the sternoclavicular joint.,Unaligned,1
74,confluent airspace opacities identified throughout the right middle and lower lobes.,Unaligned,0
74,dense consolidation obscuring the normal vascular markings in the left lower lung.,Unaligned,0
74,diffuse bilateral peribronchial thickening with prominent central bronchiectasis throughout both lungs.,Uncertain,0
74,diminished size of the hilar vessels with overall decreased pulmonary vascularity.,Uncertain,0
74,fibrocystic disease,Uncertain,0
74,gallstone diseases,Uncertain,5
74,heart atria,Uncertain,0
74,increased cardiac shadow size with a water bottle configuration.,Uncertain,0
74,layering opacity along the lateral chest wall indicates pleural effusion.,Unaligned,0
74,miliary lupoid of boeck,Uncertain,1
74,multiple avascular lucent spaces are present throughout the upper pulmonary lobes.,Uncertain,0
74,multiple small dense pulmonary nodules scattered throughout both lung fields.,Uncertain,0
74,multiple small gas lucencies identified throughout the subcutaneous soft tissues of chest.,Unaligned,0
74,normal midline position of the trachea with a well defined tracheal air column.,Aligned,0
74,persistent hazy opacity noted within the right upper lobe lung parenchyma.,Uncertain,0
74,pleural effusions,Aligned,0
74,radiolucent gas collection identified between the liver dome and the diaphragm.,Unaligned,3
74,"spine, cervical",Aligned,2
74,sternal prominence projecting anteriorly beyond the normal thoracic cage margin.,Aligned,2
74,the lungs appear well expanded with normal radiolucency throughout both hemithoraces.,Uncertain,0
74,the tracheal bifurcation is clearly visualized with a sharp carinal angle.,Aligned,0
74,tortuous thoracic aorta with extensive mural calcification along the aortic knob.,Unaligned,0
74,tuberculosis (disorder),Uncertain,1
75,a solitary well-defined nodule with central dense calcification is noted.,Unaligned,0
75,bilateral hilar lymphadenopathy with prominent right paratracheal nodal enlargement is noted.,Unaligned,1
75,bronchiectasis (disorder),Unaligned,0
75,cervical spines,Unaligned,2
75,chronic irreversible airway obstruction,Uncertain,0
75,complete disruption of the normal anatomical alignment of the sternoclavicular joint.,Unaligned,1
75,continuous bony bridging spanning multiple contiguous thoracic vertebral segments.,Unaligned,2
75,costophrenic angle,Uncertain,4
75,dense amorphous calcifications identified along the thoracic wall soft tissue planes.,Unaligned,2
75,dense calcified plaques identified along the margins of the thoracic aorta.,Unaligned,0
75,diminished size of the hilar vessels with overall decreased pulmonary vascularity.,Uncertain,0
75,discrete radiopaque biliary calculus projected over the right hepatic shadow.,Unaligned,5
75,"disease, forestier's",Uncertain,2
75,enlarged mediastinal lymph nodes causing subtle widening of the paratracheal stripe.,Unaligned,7
75,extraskeletal calcification,Unaligned,2
75,"fibroses, pulmonary",Uncertain,0
75,gallstone diseases,Uncertain,5
75,increased retrosternal clear space observed due to anterior sternal bowing.,Uncertain,2
75,increased retrosternal lucency with posterior bowing of the sternal body on lateral view.,Uncertain,2
75,kyphosis,Uncertain,2
75,large air filled bullae are identified within the apical lung regions.,Unaligned,0
75,miliary lupoid of boeck,Uncertain,1
75,multiple avascular lucent spaces are present throughout the upper pulmonary lobes.,Unaligned,0
75,oesophageal hiatal hernia,Uncertain,3
75,patchy opacification identified throughout the mid to lower zones of the lung.,Uncertain,0
75,single focal pulmonary nodule noted within the peripheral lung parenchyma.,Unaligned,0
75,small focal nodular density identified in the left lower lung field.,Uncertain,0
75,subdiaphragmatic lucency consistent with free air within the peritoneal cavity.,Unaligned,3
75,the cervical spine demonstrates normal alignment and intact bony cortical margins throughout.,Unaligned,2
75,the costophrenic angles are preserved and show no signs of pleural fluid accumulation.,Uncertain,4
75,tortuous thoracic aorta with extensive mural calcification along the aortic knob.,Unaligned,0
75,visualized thoracic skeletal deformity with abnormal configuration of the bony thorax.,Unaligned,2
76,calculus in biliary tract,Uncertain,5
76,"columns, spinal",Uncertain,2
76,confluent airspace opacities identified throughout the right middle and lower lobes.,Uncertain,0
76,discrete radiopaque biliary calculus projected over the right hepatic shadow.,Unaligned,5
76,free intraperitoneal air collection noted tracking along the superior hepatic surface.,Unaligned,3
76,gallstone disease,Uncertain,5
76,generalized thinning of the cortical margins of the visualized ribs.,Uncertain,2
76,humeri,Uncertain,2
76,layering opacity along the lateral chest wall indicates pleural effusion.,Uncertain,0
76,localized expansile lucency with thin sclerotic margins identified in the clavicular head.,Uncertain,2
76,lucent fracture line extending through the mid shaft of the left humerus.,Unaligned,2
76,lymphatic gland,Uncertain,7
76,miliary lupoid of boeck,Uncertain,1
76,obliteration of the costophrenic sulcus consistent with pleural fluid collection.,Uncertain,0
76,patchy consolidations with cavitation identified in the right upper lung field.,Unaligned,1
76,pneumothorax (disorder),Uncertain,0
76,radiolucent gas collection identified between the liver dome and the diaphragm.,Uncertain,3
76,smooth tracheal walls are identified extending inferiorly toward the level of the carina.,Uncertain,0
76,structure of yellow fat,Uncertain,6
76,subdiaphragmatic lucency consistent with free air within the peritoneal cavity.,Uncertain,3
76,the lungs appear well expanded with normal radiolucency throughout both hemithoraces.,Uncertain,0
76,the thoracic aorta maintains a smooth lateral contour along the upper mediastinal stripe.,Aligned,0
76,tortuous thoracic aorta with extensive mural calcification along the aortic knob.,Unaligned,0
77,besnier boeck disease,Uncertain,1
77,bone structure of humerus (body structure),Aligned,2
77,"disease, forestier's",Uncertain,2
77,enlarged mediastinal lymph nodes causing subtle widening of the paratracheal stripe.,Uncertain,7
77,expansile lytic lesion noted within the mid portion of the right scapula.,Unaligned,2
77,fibrocystic disease,Uncertain,0
77,gallstone disease,Uncertain,5
77,gas shadows are noted within the upper abdomen beneath the hemidiaphragms.,Uncertain,3
77,globular heart shape suggesting an increase in the pericardial space.,Uncertain,0
77,increased posterior curvature of the thoracic spine is noted on the lateral view.,Uncertain,2
77,increased retrosternal clear space observed due to anterior sternal bowing.,Uncertain,2
77,increased retrosternal lucency with posterior bowing of the sternal body on lateral view.,Uncertain,2
77,layering opacity along the lateral chest wall indicates pleural effusion.,Unaligned,0
77,linear lucencies tracking along the subcutaneous soft tissues of the chest wall.,Uncertain,0
77,localized dome shaped elevation of the hemidiaphragm contour on the frontal view.,Uncertain,3
77,lower thoracic and upper lumbar vertebrae are identified on the lateral view.,Uncertain,2
77,lumbar vertebral segments are faintly outlined at the base of the film.,Uncertain,2
77,miliary lupoid of boeck,Uncertain,1
77,normal midline position of the trachea with a well defined tracheal air column.,Uncertain,0
77,obliteration of the costophrenic sulcus consistent with pleural fluid collection.,Uncertain,0
77,radiolucent gas collection identified between the liver dome and the diaphragm.,Unaligned,3
77,radiopaque calculus identified within the right upper quadrant biliary region.,Unaligned,5
77,the carina is sharp and located at the level of the hilum.,Uncertain,0
77,the pleural surfaces appear smooth and well defined along the lateral chest walls.,Aligned,0
77,the thoracic aorta maintains a smooth lateral contour along the upper mediastinal stripe.,Unaligned,0
77,tortuous thoracic aorta with extensive mural calcification along the aortic knob.,Unaligned,0
77,tuberculosis,Uncertain,1
77,tuberculous,Uncertain,1
77,visible pleural air collection accompanied by dependent opacification consistent with a hemopneumothorax.,Unaligned,0
77,well defined thick walled cavitary lesion identified in the left lower lobe.,Unaligned,0
77,well-defined costophrenic sulcus with normal contour and sharp margins.,Aligned,4
78,atrial structure (body structure),Aligned,0
78,bronchiolitis (disorder),Uncertain,0
78,cardiac ventricular morphology contributes to the overall size of the cardiac silhouette.,Uncertain,0
78,cardiomegaly (disorder),Uncertain,0
78,cardiomegaly with prominent pulmonary vascular congestion and bilateral perihilar interstitial opacities.,Uncertain,0
78,cholelithiasis,Uncertain,5
78,costophrenic angle,Aligned,4
78,dense consolidation obscuring the normal vascular markings in the left lower lung.,Unaligned,0
78,diffuse bilateral peribronchial thickening with prominent central bronchiectasis throughout both lungs.,Uncertain,0
78,discrete radiopaque biliary calculus projected over the right hepatic shadow.,Unaligned,5
78,fibrocystic disease,Uncertain,0
78,gallstone diseases,Uncertain,5
78,"hernia, hiatus",Uncertain,3
78,large lobulated soft tissue density identified in the left lower lung field.,Unaligned,0
78,linear lucencies tracking along the subcutaneous soft tissues of the chest wall.,Uncertain,0
78,localized dome shaped elevation of the hemidiaphragm contour on the frontal view.,Uncertain,3
78,lower thoracic and upper lumbar vertebrae are identified on the lateral view.,Uncertain,2
78,multiple ring shadows and tubular opacities consistent with widespread cystic bronchiectasis.,Uncertain,0
78,patchy opacification identified throughout the mid to lower zones of the lung.,Uncertain,0
78,pericardial effusion,Uncertain,0
78,solitary circumscribed mass lesion projecting over the right mid lung zone.,Uncertain,0
78,the diaphragm maintains a smooth arcuate contour across the lower thoracic cavity.,Uncertain,3
78,the heart ventricles occupy the inferior aspect of the central mediastinal shadow.,Uncertain,0
78,the left atrial appendage is located along the mid left heart border.,Uncertain,0
78,the pleural surfaces appear smooth and well defined along the lateral chest walls.,Aligned,0
78,the pulmonary artery segment maintains a normal contour along the left heart border.,Uncertain,0
78,tuberculous (qualifier value),Uncertain,1
78,unexpanded lung,Uncertain,0
78,vertebral columns,Uncertain,2
79,bronchiolitis (disorder),Uncertain,0
79,dense consolidation obscuring the normal vascular markings in the left lower lung.,Uncertain,0
79,diffuse fine reticulonodular opacities distributed throughout both mid and upper lung zones.,Uncertain,1
79,discrete radiopaque biliary calculus projected over the right hepatic shadow.,Unaligned,5
79,expansile lytic lesion noted within the mid portion of the right scapula.,Unaligned,2
79,"fibroses, pulmonary",Uncertain,0
79,fine reticular opacities present throughout the mid and lower lung zones.,Uncertain,0
79,focal pulmonary opacity with smooth margins located in the left upper lobe.,Uncertain,0
79,gallstone diseases,Uncertain,5
79,heart structure (body structure),Aligned,0
79,localized dome shaped elevation of the hemidiaphragm contour on the frontal view.,Uncertain,3
79,localized expansile lucency with thin sclerotic margins identified in the clavicular head.,Uncertain,2
79,miliary lupoid of boeck,Uncertain,1
79,multiple ring shadows and tubular opacities consistent with widespread cystic bronchiectasis.,Uncertain,0
79,patchy opacification identified throughout the mid to lower zones of the lung.,Uncertain,0
79,single focal pulmonary nodule noted within the peripheral lung parenchyma.,Uncertain,0
79,the cervical spine demonstrates normal alignment and intact bony cortical margins throughout.,Uncertain,2
79,the pleural surfaces appear smooth and well defined along the lateral chest walls.,Uncertain,0
79,the pulmonary artery segment maintains a normal contour along the left heart border.,Uncertain,0
79,tortuous thoracic aorta with extensive mural calcification along the aortic knob.,Unaligned,0
79,vertebral columns,Aligned,2
79,visualized thoracic skeletal deformity with abnormal configuration of the bony thorax.,Uncertain,2
79,well-defined costophrenic sulcus with normal contour and sharp margins.,Uncertain,4
80,calcified granuloma,Uncertain,0
80,cardiac ventricular morphology contributes to the overall size of the cardiac silhouette.,Uncertain,0
80,cardiomegaly (disorder),Uncertain,0
80,confluent airspace opacification present within the left lower lobe segment.,Uncertain,0
80,crowding of the pulmonary vascular markings within the affected lung zone.,Aligned,0
80,cystic fibrosis (disorder),Uncertain,0
80,dense calcified plaques identified along the margins of the thoracic aorta.,Uncertain,0
80,enlarged mediastinal lymph nodes causing subtle widening of the paratracheal stripe.,Unaligned,7
80,"hernia, hiatus",Uncertain,3
80,increased retrosternal clear space observed due to anterior sternal bowing.,Uncertain,2
80,increased retrosternal lucency with posterior bowing of the sternal body on lateral view.,Uncertain,2
80,large air filled bullae are identified within the apical lung regions.,Unaligned,0
80,layering opacity along the lateral chest wall indicates pleural effusion.,Unaligned,0
80,localized dome shaped elevation of the hemidiaphragm contour on the frontal view.,Uncertain,3
80,lower thoracic and upper lumbar vertebrae are identified on the lateral view.,Uncertain,2
80,mediastinal shift,Unaligned,0
80,miliary lupoid of boeck,Uncertain,1
80,pericardial effusion,Uncertain,0
80,"spine, cervical",Uncertain,2
80,subdiaphragmatic lucency consistent with free air within the peritoneal cavity.,Unaligned,3
80,the left atrial appendage is located along the mid left heart border.,Uncertain,0
80,the pulmonary artery segment maintains a normal contour along the left heart border.,Aligned,0
80,the thoracic aorta maintains a smooth lateral contour along the upper mediastinal stripe.,Unaligned,0
80,the upper abdomen is partially included at the base of the image.,Uncertain,3
80,tortuous thoracic aorta with extensive mural calcification along the aortic knob.,Unaligned,0
81,a solitary well-defined nodule with central dense calcification is noted.,Uncertain,0
81,atheroscleroses,Uncertain,0
81,calculus in biliary tract,Uncertain,5
81,cardiomegaly with prominent pulmonary vascular congestion and bilateral perihilar interstitial opacities.,Uncertain,0
81,cervical spines,Uncertain,2
81,coad,Uncertain,0
81,complete disruption of the normal anatomical alignment of the sternoclavicular joint.,Unaligned,1
81,cystic fibrosis (disorder),Uncertain,0
81,diffuse hyperlucency of the left lung with associated attenuation of peripheral pulmonary vessels.,Uncertain,0
81,diminished size of the hilar vessels with overall decreased pulmonary vascularity.,Uncertain,0
81,"disease, forestier's",Uncertain,2
81,enlarged mediastinal lymph nodes causing subtle widening of the paratracheal stripe.,Unaligned,7
81,"fibroses, pulmonary",Aligned,0
81,focal pulmonary opacity with smooth margins located in the left upper lobe.,Uncertain,0
81,generalized thinning of the cortical margins of the visualized ribs.,Uncertain,2
81,multiple avascular lucent spaces are present throughout the upper pulmonary lobes.,Uncertain,0
81,single focal pulmonary nodule noted within the peripheral lung parenchyma.,Uncertain,0
81,smooth tracheal walls are identified extending inferiorly toward the level of the carina.,Uncertain,0
81,the pulmonary artery segment maintains a normal contour along the left heart border.,Aligned,0
82,abnormal separation of the articular surfaces within the acromioclavicular joint.,Uncertain,1
82,besnier boeck disease,Uncertain,1
82,cardiac ventricular morphology contributes to the overall size of the cardiac silhouette.,Uncertain,0
82,complete disruption of the normal anatomical alignment of the sternoclavicular joint.,Unaligned,1
82,cystic fibrosis (disorder),Uncertain,0
82,diminished size of the hilar vessels with overall decreased pulmonary vascularity.,Uncertain,0
82,"disease, forestier's",Uncertain,2
82,extraskeletal calcification,Uncertain,2
82,fibrocystic disease,Uncertain,0
82,"fibroses, pulmonary",Uncertain,0
82,gallstone disease,Uncertain,5
82,gallstone diseases,Uncertain,5
82,homogeneous opacity with ipsilateral mediastinal shift indicating significant lobar collapse.,Unaligned,0
82,increased posterior curvature of the thoracic spine is noted on the lateral view.,Uncertain,2
82,increased prominence of bronchovascular markings with bilateral hazy opacities.,Uncertain,0
82,increased retrosternal clear space observed due to anterior sternal bowing.,Uncertain,2
82,increased retrosternal lucency with posterior bowing of the sternal body on lateral view.,Uncertain,2
82,linear lucencies tracking along the subcutaneous soft tissues of the chest wall.,Uncertain,0
82,localized dome shaped elevation of the hemidiaphragm contour on the frontal view.,Uncertain,3
82,miliary lupoid of boeck,Uncertain,1
82,multiple ring shadows and tubular opacities consistent with widespread cystic bronchiectasis.,Uncertain,0
82,normal midline position of the trachea with a well defined tracheal air column.,Uncertain,0
82,pulmonary cicatrix,Uncertain,0
82,"spine, cervical",Uncertain,2
82,the carina is sharp and located at the level of the hilum.,Uncertain,0
82,the thoracic aorta maintains a smooth lateral contour along the upper mediastinal stripe.,Unaligned,0
82,the tracheal bifurcation is clearly visualized with a sharp carinal angle.,Aligned,0
82,tuberculosis,Uncertain,1
83,a solitary well-defined nodule with central dense calcification is noted.,Unaligned,0
83,abnormal separation of the articular surfaces within the acromioclavicular joint.,Uncertain,1
83,bronchiectasis (disorder),Unaligned,0
83,cardiac ventricular morphology contributes to the overall size of the cardiac silhouette.,Uncertain,0
83,cervical spines,Uncertain,2
83,coad,Uncertain,0
83,"columns, spinal",Uncertain,2
83,complete disruption of the normal anatomical alignment of the sternoclavicular joint.,Unaligned,1
83,cystic fibrosis (disorder),Uncertain,0
83,diffuse hyperlucency of the left lung with associated attenuation of peripheral pulmonary vessels.,Uncertain,0
83,diminished size of the hilar vessels with overall decreased pulmonary vascularity.,Uncertain,0
83,"disease, forestier's",Uncertain,2
83,enlarged mediastinal lymph nodes causing subtle widening of the paratracheal stripe.,Uncertain,7
83,fibrocystic disease,Uncertain,0
83,gallstone diseases,Uncertain,5
83,generalized thinning of the cortical margins of the visualized ribs.,Uncertain,2
83,increased retrosternal clear space observed due to anterior sternal bowing.,Uncertain,2
83,linear lucencies tracking along the subcutaneous soft tissues of the chest wall.,Uncertain,0
83,localized dome shaped elevation of the hemidiaphragm contour on the frontal view.,Uncertain,3
83,miliary lupoid of boeck,Uncertain,1
83,pulmonary cicatrix,Uncertain,0
83,regional hyperlucency of the upper lung zone with decreased density of pulmonary vasculature.,Uncertain,0
83,smooth tracheal walls are identified extending inferiorly toward the level of the carina.,Uncertain,0
83,solitary circumscribed mass lesion projecting over the right mid lung zone.,Unaligned,0
83,"spine, cervical",Uncertain,2
83,the carina is sharp and located at the level of the hilum.,Uncertain,0
83,the pleural surfaces appear smooth and well defined along the lateral chest walls.,Uncertain,0
83,the tracheal bifurcation is clearly visualized with a sharp carinal angle.,Aligned,0
83,tortuous thoracic aorta with extensive mural calcification along the aortic knob.,Unaligned,0
83,tuberculosis,Uncertain,1
83,vertebral columns,Uncertain,2
83,well defined expansile lucent lesion involving the posterior aspect of the left rib.,Unaligned,2
84,cardiac ventricular morphology contributes to the overall size of the cardiac silhouette.,Uncertain,0
84,cardiomegaly with prominent pulmonary vascular congestion and bilateral perihilar interstitial opacities.,Uncertain,0
84,cervical spines,Uncertain,2
84,"columns, spinal",Uncertain,2
84,complete disruption of the normal anatomical alignment of the sternoclavicular joint.,Unaligned,1
84,diminished size of the hilar vessels with overall decreased pulmonary vascularity.,Uncertain,0
84,discrete radiopaque biliary calculus projected over the right hepatic shadow.,Unaligned,5
84,"disease, forestier's",Uncertain,2
84,fibrocystic disease,Uncertain,0
84,focal pulmonary opacity with smooth margins located in the left upper lobe.,Uncertain,0
84,gallstone diseases,Uncertain,5
84,generalized thinning of the cortical margins of the visualized ribs.,Uncertain,2
84,miliary lupoid of boeck,Uncertain,1
84,multiple ring shadows and tubular opacities consistent with widespread cystic bronchiectasis.,Uncertain,0
84,pneumothorax (disorder),Unaligned,0
84,pulmonary vascular structures are clearly visible radiating from the bilateral hila.,Uncertain,0
84,single focal pulmonary nodule noted within the peripheral lung parenchyma.,Uncertain,0
84,solitary circumscribed mass lesion projecting over the right mid lung zone.,Uncertain,0
84,the thoracic aorta maintains a smooth lateral contour along the upper mediastinal stripe.,Aligned,0
84,tortuous thoracic aorta with extensive mural calcification along the aortic knob.,Unaligned,0
84,tuberculosis,Uncertain,1
84,tuberculous (qualifier value),Uncertain,1
85,a solitary well-defined rounded opacity is noted within the right upper lobe.,Unaligned,0
85,bilateral hilar lymphadenopathy with prominent right paratracheal nodal enlargement is noted.,Unaligned,1
85,cardiac ventricular morphology contributes to the overall size of the cardiac silhouette.,Uncertain,0
85,cardiomegaly (disorder),Uncertain,0
85,complete disruption of the normal anatomical alignment of the sternoclavicular joint.,Unaligned,1
85,confluent airspace opacification present within the left lower lobe segment.,Uncertain,0
85,crowding of the pulmonary vascular markings within the affected lung zone.,Uncertain,0
85,cystic fibrosis (disorder),Uncertain,0
85,dense consolidation obscuring the normal vascular markings in the left lower lung.,Uncertain,0
85,diminished size of the hilar vessels with overall decreased pulmonary vascularity.,Uncertain,0
85,"disease, forestier's",Uncertain,2
85,extraskeletal calcification,Uncertain,2
85,fibrocystic disease,Uncertain,0
85,"fibroses, pulmonary",Uncertain,0
85,focal pulmonary opacity with smooth margins located in the left upper lobe.,Uncertain,0
85,large air filled bullae are identified within the apical lung regions.,Uncertain,0
85,miliary lupoid of boeck,Uncertain,1
85,smooth tracheal walls are identified extending inferiorly toward the level of the carina.,Uncertain,0
85,the carina is sharp and located at the level of the hilum.,Uncertain,0
85,the pulmonary artery segment maintains a normal contour along the left heart border.,Aligned,0
85,the thoracic aorta maintains a smooth lateral contour along the upper mediastinal stripe.,Aligned,0
86,bilateral hilar lymphadenopathy with prominent right paratracheal nodal enlargement is noted.,Unaligned,1
86,bullous emphysema,Unaligned,0
86,calculus in biliary tract,Unaligned,5
86,cardiac insufficiency,Unaligned,0
86,cervical spines,Uncertain,2
86,complete disruption of the normal anatomical alignment of the sternoclavicular joint.,Unaligned,1
86,confluent airspace opacification present within the left lower lobe segment.,Uncertain,0
86,cystic fibrosis (disorder),Unaligned,0
86,focal pulmonary opacity with smooth margins located in the left upper lobe.,Uncertain,0
86,forestiers disease,Unaligned,2
86,gallstone diseases,Uncertain,5
86,heart atrium,Uncertain,0
86,heart structure (body structure),Uncertain,0
86,hemopneumothorax,Unaligned,0
86,linear scarring and calcified granulomas present in the upper lung zones.,Uncertain,1
86,localized dome shaped elevation of the hemidiaphragm contour on the frontal view.,Uncertain,3
86,miliary lupoid of boeck,Uncertain,1
86,multiple avascular lucent spaces are present throughout the upper pulmonary lobes.,Uncertain,0
86,multiple small gas lucencies identified throughout the subcutaneous soft tissues of chest.,Uncertain,0
86,pneumohemothorax,Unaligned,0
86,pneumothorax (disorder),Unaligned,0
86,prominent tubular opacities noted within the lower lung zones bilaterally.,Uncertain,0
86,radiolucent gas collection identified between the liver dome and the diaphragm.,Uncertain,3
86,respiratory diaphragms,Uncertain,3
86,single focal pulmonary nodule noted within the peripheral lung parenchyma.,Uncertain,0
86,smooth tracheal walls are identified extending inferiorly toward the level of the carina.,Uncertain,0
86,sternal prominence projecting anteriorly beyond the normal thoracic cage margin.,Unaligned,2
86,the costophrenic angles are preserved and show no signs of pleural fluid accumulation.,Uncertain,4
86,the proximal humerus is visualized within the lateral aspect of the thoracic cage.,Uncertain,2
86,tracheal structure,Unaligned,0
87,acute bronchitis (disorder),Uncertain,0
87,atheroscleroses,Uncertain,0
87,besnier boeck disease,Uncertain,1
87,calcified granuloma,Uncertain,0
87,cardiac ventricular morphology contributes to the overall size of the cardiac silhouette.,Uncertain,0
87,dense consolidation obscuring the normal vascular markings in the left lower lung.,Uncertain,0
87,dense pleural opacity causing obscuration of the underlying pulmonary vascular markings.,Unaligned,0
87,diffuse hyperlucency of the left lung with associated attenuation of peripheral pulmonary vessels.,Uncertain,0
87,fibrocystic disease,Uncertain,0
87,gallstone disease,Uncertain,5
87,gallstone diseases,Uncertain,5
87,gas shadows are noted within the upper abdomen beneath the hemidiaphragms.,Unaligned,3
87,heart structure (body structure),Aligned,0
87,localized upward displacement of the hemidiaphragm contour without associated mass effect.,Uncertain,3
87,lucent fracture line extending through the mid shaft of the left humerus.,Unaligned,2
87,multiple ring shadows and tubular opacities consistent with widespread cystic bronchiectasis.,Uncertain,0
87,normal aortic arch shadow is visualized along the superior mediastinal border.,Uncertain,0
87,normal midline position of the air filled trachea is maintained throughout the thorax.,Uncertain,0
87,pericardial effusion,Uncertain,0
87,pigeon breast,Uncertain,2
87,pneumothorax (disorder),Unaligned,0
87,pulmonary vascular structures are clearly visible radiating from the bilateral hila.,Uncertain,0
87,radiolucent epicardial adipose tissue visible along the lower anterior heart border.,Uncertain,6
87,"sarcoid, boeck's",Uncertain,1
87,structure of yellow fat,Uncertain,6
87,subdiaphragmatic lucency consistent with free air within the peritoneal cavity.,Unaligned,3
87,the heart ventricles occupy the inferior aspect of the central mediastinal shadow.,Uncertain,0
87,the left atrial appendage is located along the mid left heart border.,Uncertain,0
87,the lungs appear well expanded with normal radiolucency throughout both hemithoraces.,Uncertain,0
87,well defined thick walled cavitary lesion identified in the left lower lobe.,Unaligned,0
88,bronchiolitis (disorder),Uncertain,0
88,cardiac ventricular morphology contributes to the overall size of the cardiac silhouette.,Uncertain,0
88,cardiomegaly (disorder),Uncertain,0
88,confluent airspace opacification present within the left lower lobe segment.,Uncertain,0
88,"disease, forestier's",Uncertain,2
88,enlarged mediastinal lymph nodes causing subtle widening of the paratracheal stripe.,Uncertain,7
88,globular heart shape suggesting an increase in the pericardial space.,Uncertain,0
88,"hernia, hiatus",Uncertain,3
88,large air filled bullae are identified within the apical lung regions.,Uncertain,0
88,large lobulated soft tissue density identified in the left lower lung field.,Unaligned,0
88,lower thoracic and upper lumbar vertebrae are identified on the lateral view.,Uncertain,2
88,pericardial effusion,Uncertain,0
88,radiopaque calculus identified within the right upper quadrant biliary region.,Unaligned,5
88,the left atrial appendage is located along the mid left heart border.,Uncertain,0
88,the pleural surfaces appear smooth and well defined along the lateral chest walls.,Aligned,0
88,the pulmonary artery segment maintains a normal contour along the left heart border.,Uncertain,0
88,the thoracic aorta maintains a smooth lateral contour along the upper mediastinal stripe.,Unaligned,0
88,the upper abdomen is partially included at the base of the image.,Uncertain,3
88,tortuous thoracic aorta with extensive mural calcification along the aortic knob.,Unaligned,0
88,tuberculosis,Uncertain,1
88,well-defined costophrenic sulcus with normal contour and sharp margins.,Aligned,4
89,acute tracheobronchitis (disorder),Uncertain,0
89,atheromatosis,Uncertain,0
89,bilateral hilar lymphadenopathy with prominent right paratracheal nodal enlargement is noted.,Unaligned,1
89,bilateral perihilar airspace opacities consistent with pulmonary edema.,Uncertain,0
89,bronchiolitis (disorder),Uncertain,0
89,chronic irreversible airway obstruction,Uncertain,0
89,crowding of the pulmonary vascular markings within the affected lung zone.,Uncertain,0
89,dense calcified plaques identified along the margins of the thoracic aorta.,Unaligned,0
89,diminished size of the hilar vessels with overall decreased pulmonary vascularity.,Uncertain,0
89,"disease, forestier's",Uncertain,2
89,enlarged mediastinal lymph nodes causing subtle widening of the paratracheal stripe.,Uncertain,7
89,extraskeletal calcification,Uncertain,2
89,fibrocystic disease,Uncertain,0
89,forestiers disease,Uncertain,2
89,heart atria,Uncertain,0
89,hemothorax,Unaligned,0
89,increased cardiac shadow size with a water bottle configuration.,Uncertain,0
89,lucent fracture line extending through the mid shaft of the left humerus.,Unaligned,2
89,lung collapse,Uncertain,0
89,normal aortic arch shadow is visualized along the superior mediastinal border.,Uncertain,0
89,oesophageal hiatal hernia,Uncertain,3
89,pulmonary vascular structures are clearly visible radiating from the bilateral hila.,Uncertain,0
89,retrocardiac soft tissue opacity noted within the posterior mediastinum.,Unaligned,3
89,solitary circumscribed mass lesion projecting over the right mid lung zone.,Uncertain,0
89,the left atrial appendage is located along the mid left heart border.,Uncertain,0
89,tracheal structure,Uncertain,0
89,tuberculosis (disorder),Uncertain,1
89,visualized proximal humerus demonstrates normal trabecular pattern and smooth cortical bone surfaces.,Uncertain,2
89,well-defined costophrenic sulcus with normal contour and sharp margins.,Aligned,4
90,bilateral hilar lymphadenopathy with prominent right paratracheal nodal enlargement is noted.,Uncertain,1
90,calcified granuloma,Aligned,0
90,cardiac ventricular morphology contributes to the overall size of the cardiac silhouette.,Uncertain,0
90,"columns, spinal",Uncertain,2
90,crowding of the pulmonary vascular markings within the affected lung zone.,Uncertain,0
90,dense calcified plaques identified along the margins of the thoracic aorta.,Unaligned,0
90,diffuse miliary pattern of tiny rounded opacities throughout the pulmonary parenchyma.,Uncertain,0
90,forestiers disease,Uncertain,2
90,generalized thinning of the cortical margins of the visualized ribs.,Uncertain,2
90,large air filled bullae are identified within the apical lung regions.,Uncertain,0
90,linear scarring and calcified granulomas present in the upper lung zones.,Uncertain,1
90,localized dome shaped elevation of the hemidiaphragm contour on the frontal view.,Uncertain,3
90,multiple ring shadows and tubular opacities consistent with widespread cystic bronchiectasis.,Uncertain,0
90,pneumothorax (disorder),Unaligned,0
90,radiolucent gas collection identified between the liver dome and the diaphragm.,Uncertain,3
90,radiopaque calculus identified within the right upper quadrant biliary region.,Aligned,5
90,single focal pulmonary nodule noted within the peripheral lung parenchyma.,Aligned,0
90,smooth tracheal walls are identified extending inferiorly toward the level of the carina.,Uncertain,0
90,solitary circumscribed mass lesion projecting over the right mid lung zone.,Uncertain,0
90,sternal prominence projecting anteriorly beyond the normal thoracic cage margin.,Unaligned,2
90,the aortic silhouette maintains a normal configuration within the central mediastinal space.,Aligned,0
90,the cervical spine demonstrates normal alignment and intact bony cortical margins throughout.,Aligned,2
90,the costophrenic angles are preserved and show no signs of pleural fluid accumulation.,Uncertain,4
90,the left atrial appendage is located along the mid left heart border.,Uncertain,0
90,visualized thoracic skeletal deformity with abnormal configuration of the bony thorax.,Uncertain,2
91,cardiac ventricular morphology contributes to the overall size of the cardiac silhouette.,Uncertain,0
91,cardiomegaly with prominent pulmonary vascular congestion and bilateral perihilar interstitial opacities.,Uncertain,0
91,cervical spines,Uncertain,2
91,dense calcified plaques identified along the margins of the thoracic aorta.,Unaligned,0
91,diminished size of the hilar vessels with overall decreased pulmonary vascularity.,Uncertain,0
91,discrete radiopaque biliary calculus projected over the right hepatic shadow.,Unaligned,5
91,"disease, forestier's",Uncertain,2
91,extraskeletal calcification,Uncertain,2
91,fibrocystic disease,Uncertain,0
91,focal pulmonary opacity with smooth margins located in the left upper lobe.,Unaligned,0
91,gallstone disease,Uncertain,5
91,gallstone diseases,Uncertain,5
91,large lobulated soft tissue density identified in the left lower lung field.,Unaligned,0
91,miliary lupoid of boeck,Uncertain,1
91,multiple ring shadows and tubular opacities consistent with widespread cystic bronchiectasis.,Uncertain,0
91,pneumothorax (disorder),Unaligned,0
91,smooth tracheal walls are identified extending inferiorly toward the level of the carina.,Uncertain,0
91,the diaphragm maintains a smooth arcuate contour across the lower thoracic cavity.,Uncertain,3
91,the thoracic aorta maintains a smooth lateral contour along the upper mediastinal stripe.,Unaligned,0
91,tortuous thoracic aorta with extensive mural calcification along the aortic knob.,Unaligned,0
91,tracheal structure,Uncertain,0
91,tuberculosis,Uncertain,1
91,tuberculous (qualifier value),Uncertain,1
92,calculus in biliary tract,Uncertain,5
92,cardiomegaly with prominent pulmonary vascular congestion and bilateral perihilar interstitial opacities.,Uncertain,0
92,chronic irreversible airway obstruction,Uncertain,0
92,continuous bony bridging spanning multiple contiguous thoracic vertebral segments.,Unaligned,2
92,costophrenic angle,Uncertain,4
92,dense consolidation obscuring the normal vascular markings in the left lower lung.,Unaligned,0
92,diffuse bilateral peribronchial thickening with prominent central bronchiectasis throughout both lungs.,Uncertain,0
92,diminished size of the hilar vessels with overall decreased pulmonary vascularity.,Uncertain,0
92,discrete radiopaque biliary calculus projected over the right hepatic shadow.,Unaligned,5
92,"disease, forestier's",Uncertain,2
92,gallstone diseases,Uncertain,5
92,gas filled structure noted superior to the left hemidiaphragm.,Unaligned,3
92,generalized thinning of the cortical margins of the visualized ribs.,Unaligned,2
92,linear scarring and calcified granulomas present in the upper lung zones.,Uncertain,1
92,miliary lupoid of boeck,Uncertain,1
92,obliteration of the costophrenic sulcus consistent with pleural fluid collection.,Unaligned,0
92,patchy consolidations with cavitation identified in the right upper lung field.,Unaligned,1
92,radiolucent gas collection identified between the liver dome and the diaphragm.,Unaligned,3
92,single focal pulmonary nodule noted within the peripheral lung parenchyma.,Unaligned,0
92,structure of yellow fat,Uncertain,6
92,the cervical spine demonstrates normal alignment and intact bony cortical margins throughout.,Unaligned,2
92,the pleural surfaces appear smooth and well defined along the lateral chest walls.,Aligned,0
92,thoracic aorta appears as a well defined tubular structure within the superior mediastinum.,Aligned,0
92,tortuous thoracic aorta with extensive mural calcification along the aortic knob.,Unaligned,0
92,tuberculosis,Uncertain,1
92,visible pleural air collection accompanied by dependent opacification consistent with a hemopneumothorax.,Unaligned,0
93,calculus in biliary tract,Uncertain,5
93,cardiac ventricular morphology contributes to the overall size of the cardiac silhouette.,Aligned,0
93,cardiomegaly with prominent pulmonary vascular congestion and bilateral perihilar interstitial opacities.,Uncertain,0
93,"columns, spinal",Uncertain,2
93,dense consolidation obscuring the normal vascular markings in the left lower lung.,Unaligned,0
93,dense pleural opacity causing obscuration of the underlying pulmonary vascular markings.,Unaligned,0
93,diffuse fine reticulonodular opacities distributed throughout both mid and upper lung zones.,Uncertain,1
93,diffuse miliary pattern of tiny rounded opacities throughout the pulmonary parenchyma.,Uncertain,0
93,"disease, forestier's",Uncertain,2
93,enlarged mediastinal lymph nodes causing subtle widening of the paratracheal stripe.,Unaligned,7
93,gallstone diseases,Uncertain,5
93,globular heart shape suggesting an increase in the pericardial space.,Unaligned,0
93,heart atria,Uncertain,0
93,increased prominence of bronchovascular markings with bilateral hazy opacities.,Uncertain,0
93,large lobulated soft tissue density identified in the left lower lung field.,Unaligned,0
93,layering opacity along the lateral chest wall indicates pleural effusion.,Unaligned,0
93,miliary lupoid of boeck,Uncertain,1
93,multiple small dense pulmonary nodules scattered throughout both lung fields.,Uncertain,0
93,patchy consolidations with cavitation identified in the right upper lung field.,Unaligned,1
93,persistent hazy opacity noted within the right upper lobe lung parenchyma.,Uncertain,0
93,solitary circumscribed mass lesion projecting over the right mid lung zone.,Unaligned,0
93,the upper abdomen is partially included at the base of the image.,Uncertain,3
93,tracheal structure,Aligned,0
94,atheroscleroses,Uncertain,0
94,cardiac ventricular morphology contributes to the overall size of the cardiac silhouette.,Uncertain,0
94,cardiomegaly with prominent pulmonary vascular congestion and bilateral perihilar interstitial opacities.,Uncertain,0
94,cervical spines,Uncertain,2
94,continuous bony bridging spanning multiple contiguous thoracic vertebral segments.,Unaligned,2
94,costophrenic angle,Aligned,4
94,diminished size of the hilar vessels with overall decreased pulmonary vascularity.,Uncertain,0
94,discrete radiopaque biliary calculus projected over the right hepatic shadow.,Unaligned,5
94,"disease, forestier's",Unaligned,2
94,"eventration, diaphragmatic",Aligned,3
94,extraskeletal calcification,Aligned,2
94,fibrocystic disease,Uncertain,0
94,forestiers disease,Uncertain,2
94,gallstone disease,Uncertain,5
94,gallstone diseases,Uncertain,5
94,globular heart shape suggesting an increase in the pericardial space.,Unaligned,0
94,heart atria,Uncertain,0
94,heart atrium,Uncertain,0
94,large lobulated soft tissue density identified in the left lower lung field.,Uncertain,0
94,obliteration of the costophrenic sulcus consistent with pleural fluid collection.,Unaligned,0
94,pericardial effusion,Uncertain,0
94,radiolucent gas collection identified between the liver dome and the diaphragm.,Uncertain,3
94,radiopaque calculus identified within the right upper quadrant biliary region.,Unaligned,5
94,single focal pulmonary nodule noted within the peripheral lung parenchyma.,Uncertain,0
94,sternal prominence projecting anteriorly beyond the normal thoracic cage margin.,Unaligned,2
94,the costophrenic angles are preserved and show no signs of pleural fluid accumulation.,Uncertain,4
94,the left atrial appendage is located along the mid left heart border.,Uncertain,0
94,the thoracic aorta maintains a smooth lateral contour along the upper mediastinal stripe.,Unaligned,0
94,tortuous thoracic aorta with extensive mural calcification along the aortic knob.,Unaligned,0
95,bronchiectasis (disorder),Uncertain,0
95,cardiac ventricular morphology contributes to the overall size of the cardiac silhouette.,Uncertain,0
95,cardiomegaly with prominent pulmonary vascular congestion and bilateral perihilar interstitial opacities.,Uncertain,0
95,"columns, spinal",Uncertain,2
95,complete disruption of the normal anatomical alignment of the sternoclavicular joint.,Unaligned,1
95,confluent airspace opacification present within the left lower lobe segment.,Unaligned,0
95,dense calcified plaques identified along the margins of the thoracic aorta.,Unaligned,0
95,diminished size of the hilar vessels with overall decreased pulmonary vascularity.,Uncertain,0
95,discrete radiopaque biliary calculus projected over the right hepatic shadow.,Unaligned,5
95,"disease, forestier's",Uncertain,2
95,focal pulmonary opacity with smooth margins located in the left upper lobe.,Uncertain,0
95,gallstone diseases,Uncertain,5
95,heart atria,Uncertain,0
95,heart structure (body structure),Aligned,0
95,large air filled bullae are identified within the apical lung regions.,Unaligned,0
95,linear scarring and calcified granulomas present in the upper lung zones.,Uncertain,1
95,miliary lupoid of boeck,Uncertain,1
95,single focal pulmonary nodule noted within the peripheral lung parenchyma.,Uncertain,0
95,solitary circumscribed mass lesion projecting over the right mid lung zone.,Unaligned,0
95,the aortic silhouette maintains a normal configuration within the central mediastinal space.,Aligned,0
95,the cervical spine demonstrates normal alignment and intact bony cortical margins throughout.,Uncertain,2
95,the pulmonary artery segment maintains a normal contour along the left heart border.,Uncertain,0
95,the thoracic aorta maintains a smooth lateral contour along the upper mediastinal stripe.,Unaligned,0
95,tortuous thoracic aorta with extensive mural calcification along the aortic knob.,Unaligned,0
95,tuberculosis,Uncertain,1
95,visualized thoracic skeletal deformity with abnormal configuration of the bony thorax.,Uncertain,2
96,abnormal separation of the articular surfaces within the acromioclavicular joint.,Uncertain,1
96,bone structure of humerus (body structure),Uncertain,2
96,"columns, spinal",Uncertain,2
96,dense consolidation obscuring the normal vascular markings in the left lower lung.,Uncertain,0
96,diffuse miliary pattern of tiny rounded opacities throughout the pulmonary parenchyma.,Uncertain,0
96,expansile lytic lesion noted within the mid portion of the right scapula.,Unaligned,2
96,gas filled structure noted superior to the left hemidiaphragm.,Uncertain,3
96,globular heart shape suggesting an increase in the pericardial space.,Uncertain,0
96,hemopneumothorax,Unaligned,0
96,increased density obscuring the hemidiaphragm consistent with a significant pleural collection.,Uncertain,0
96,increased retrosternal lucency with posterior bowing of the sternal body on lateral view.,Uncertain,2
96,large air filled bullae are identified within the apical lung regions.,Uncertain,0
96,layering opacity along the lateral chest wall indicates pleural effusion.,Uncertain,0
96,mediastinal shift,Unaligned,0
96,obliteration of the costophrenic sulcus consistent with pleural fluid collection.,Uncertain,0
96,pericardial effusion,Uncertain,0
96,persistent hazy opacity noted within the right upper lobe lung parenchyma.,Uncertain,0
96,pigeon breast,Uncertain,2
96,pleural effusions,Uncertain,0
96,retrocardiac soft tissue opacity noted within the posterior mediastinum.,Uncertain,3
96,the lungs appear well expanded with normal radiolucency throughout both hemithoraces.,Uncertain,0
96,the shoulder region demonstrates normal osseous alignment and intact cortical margins.,Uncertain,2
96,thoracic aorta appears as a well defined tubular structure within the superior mediastinum.,Uncertain,0
96,well-defined costophrenic sulcus with normal contour and sharp margins.,Uncertain,4
97,a solitary well-defined nodule with central dense calcification is noted.,Uncertain,0
97,atheromatosis,Uncertain,0
97,atheroscleroses,Uncertain,0
97,bilateral hilar lymphadenopathy with prominent right paratracheal nodal enlargement is noted.,Unaligned,1
97,bronchiectasis (disorder),Uncertain,0
97,calcified granuloma,Uncertain,0
97,cardiac insufficiency,Uncertain,0
97,cardiomegaly (disorder),Uncertain,0
97,central mediastinal structures maintain a normal position without evidence of abnormal widening.,Aligned,0
97,cholelithiasis,Uncertain,5
97,continuous bony bridging spanning multiple contiguous thoracic vertebral segments.,Uncertain,2
97,dense calcified plaques identified along the margins of the thoracic aorta.,Unaligned,0
97,enlarged mediastinal lymph nodes causing subtle widening of the paratracheal stripe.,Uncertain,7
97,fibrocystic disease,Uncertain,0
97,"fibroses, pulmonary",Uncertain,0
97,forestiers disease,Uncertain,2
97,gallstone disease,Uncertain,5
97,heart atrium,Uncertain,0
97,increased cardiac shadow size with a water bottle configuration.,Uncertain,0
97,linear lucencies tracking along the subcutaneous soft tissues of the chest wall.,Uncertain,0
97,miliary lupoid of boeck,Uncertain,1
97,multiple ring shadows and tubular opacities consistent with widespread cystic bronchiectasis.,Uncertain,0
97,pneumohemothorax,Unaligned,0
97,radiolucent gas collection identified between the liver dome and the diaphragm.,Uncertain,3
97,radiopaque calculus identified within the right upper quadrant biliary region.,Unaligned,5
97,the costophrenic angles are preserved and show no signs of pleural fluid accumulation.,Uncertain,4
97,the heart ventricles occupy the inferior aspect of the central mediastinal shadow.,Uncertain,0
97,the left atrial appendage is located along the mid left heart border.,Uncertain,0
97,the pulmonary artery trunk demonstrates normal caliber and smooth lateral mediastinal margins.,Unaligned,0
97,tortuous thoracic aorta with extensive mural calcification along the aortic knob.,Unaligned,0
97,tracheal structure,Aligned,0
97,tuberculosis,Uncertain,1
97,tuberculous,Uncertain,1
98,cardiomegaly (disorder),Uncertain,0
98,complete disruption of the normal anatomical alignment of the sternoclavicular joint.,Uncertain,1
98,confluent airspace opacification present within the left lower lobe segment.,Uncertain,0
98,cystic fibrosis (disorder),Uncertain,0
98,dense consolidation obscuring the normal vascular markings in the left lower lung.,Uncertain,0
98,dense pleural opacity causing obscuration of the underlying pulmonary vascular markings.,Uncertain,0
98,diffuse hyperlucency of the left lung with associated attenuation of peripheral pulmonary vessels.,Uncertain,0
98,diminished size of the hilar vessels with overall decreased pulmonary vascularity.,Uncertain,0
98,"disease, forestier's",Uncertain,2
98,fibrocystic disease,Uncertain,0
98,generalized decrease in bone density throughout the visualized thoracic skeleton.,Uncertain,2
98,linear lucencies tracking along the subcutaneous soft tissues of the chest wall.,Uncertain,0
98,lower thoracic and upper lumbar vertebrae are identified on the lateral view.,Uncertain,2
98,pericardial effusion,Uncertain,0
98,"sarcoid, boeck's",Uncertain,1
98,solitary circumscribed mass lesion projecting over the right mid lung zone.,Uncertain,0
98,"spine, cervical",Uncertain,2
98,the pleural surfaces appear smooth and well defined along the lateral chest walls.,Uncertain,0
98,the pulmonary artery segment maintains a normal contour along the left heart border.,Uncertain,0
98,the thoracic aorta maintains a smooth lateral contour along the upper mediastinal stripe.,Uncertain,0
98,tuberculosis,Uncertain,1
98,tuberculous (qualifier value),Uncertain,1
98,visualized proximal humerus demonstrates normal trabecular pattern and smooth cortical bone surfaces.,Uncertain,2
99,calcified granuloma,Uncertain,0
99,cardiac ventricular morphology contributes to the overall size of the cardiac silhouette.,Uncertain,0
99,cardiomegaly (disorder),Uncertain,0
99,cardiomegaly with prominent pulmonary vascular congestion and bilateral perihilar interstitial opacities.,Uncertain,0
99,chronic irreversible airway obstruction,Uncertain,0
99,confluent airspace opacification present within the left lower lobe segment.,Uncertain,0
99,costophrenic angle,Aligned,4
99,cystic fibrosis (disorder),Uncertain,0
99,dense calcified plaques identified along the margins of the thoracic aorta.,Unaligned,0
99,dense consolidation obscuring the normal vascular markings in the left lower lung.,Uncertain,0
99,"fibroses, pulmonary",Uncertain,0
99,forestiers disease,Uncertain,2
99,free intraperitoneal air collection noted tracking along the superior hepatic surface.,Unaligned,3
99,gas shadows are noted within the upper abdomen beneath the hemidiaphragms.,Uncertain,3
99,heart atria,Uncertain,0
99,heart structure (body structure),Aligned,0
99,increased density obscuring the hemidiaphragm consistent with a significant pleural collection.,Uncertain,0
99,layering opacity along the lateral chest wall indicates pleural effusion.,Uncertain,0
99,localized dome shaped elevation of the hemidiaphragm contour on the frontal view.,Uncertain,3
99,lower thoracic and upper lumbar vertebrae are identified on the lateral view.,Uncertain,2
99,normal cardiac ventricular contours are visualized along the left heart border profile.,Aligned,0
99,pericardial effusion,Uncertain,0
99,radiolucent epicardial adipose tissue visible along the lower anterior heart border.,Uncertain,6
99,sternal prominence projecting anteriorly beyond the normal thoracic cage margin.,Unaligned,2
99,the thoracic aorta maintains a smooth lateral contour along the upper mediastinal stripe.,Unaligned,0
99,well defined thick walled cavitary lesion identified in the left lower lobe.,Unaligned,0
99,well-defined costophrenic sulcus with normal contour and sharp margins.,Uncertain,4
